"","...1","x","y","cena","nazwa","link","adres stacji","wielkosc ruchu","godziny otwarcia","liczba gwiazdek","sredni ruch poniedzialek","sredni ruch wtorek","sredni ruch sroda","sredni ruch czwartek","sredni ruch piatek","sredni ruch sobota","sredni ruch niedziela","udział poniedzialek","udział wtorek","udział sroda","udział czwartek","udział piatek","udział sobota","udział niedziela","średni spędzany czas (min)","sredni ruch w godzinach 4-8","sredni ruch w godzinach 8-12","sredni ruch w godzinach 12-16","sredni ruch w godzinach 16-20","sredni ruch w godzinach 20-24","sredni ruch w godzinach 24-4","N","grid","min_odl_trunk","max_odl_trunk","avg_odl_trunk","min_odl_primary","max_odl_primary","avg_odl_primary","palac_kultury","sources.lon","min_odl_stacji","max_odl_stacji","avg_odl_stacji","ile_stacji_r5","ile_stacji_r10"
"1",0,21.0905714,52.1557819,4.23,NA,"https://www.google.com/search?tbm=lcl&ei=MVGXX4SwOuOlrgSDlqjICg&q=Uprawna+3%2C&oq=Uprawna+3%2C&gs_l=psy-ab.3..38j0i22i30k1j38l2.12205.12205.0.12472.1.1.0.0.0.0.87.87.1.1.0....0...1c.2.64.psy-ab..0.1.86....0.N1E-jw-Gg6E#rlfi=hd:;si:14405469212668327982;mv:[[52.156091599999996,21.091627],[52.1559008,21.0912583]]","Przyczółkowa 304, 02-962 Warszawa",3734.25,"Czynne całą dobę",4.2,501,761.25,434.25,375.75,761.25,501,399.75,0.134163486643904,0.203856196023298,0.116288411327576,0.100622614982928,0.203856196023298,0.134163486643904,0.107049608355091,15,269.25,305.25,239.25,86.25,24,0,3734.25,407,12.5,38.9,25.2923039343408,5.4,38.3,19.7063742217276,17.1,21.09084,3.7,37,19.6223140495868,1,10
"2",0,21.1059924,52.2214136,4.29,"Circle K","https://www.google.com/search?tbm=lcl&ei=6lCXX6S8CIP2qwHRhKyQAw&q=52.22207+21.10578+&oq=52.22207+21.10578+&gs_l=psy-ab.3...13275.16792.0.17105.4.4.0.0.0.0.72.270.4.4.0....0...1c.1j2.64.psy-ab..0.0.0....0.habP5QfWz9Q#rlfi=hd:;si:11598232142176450597;mv:[[52.222249977319024,21.1060737912862],[52.22189002268096,21.105486208713803]]","Stoczniowców 5, 03-984 Warszawa",3764.25,"Czynne całą dobę",4.5,650.25,276,650.25,525.75,543.75,576,542.25,0.172743574417215,0.0733213787607093,0.172743574417215,0.139669256824069,0.14445108587368,0.153018529587567,0.144052600119546,10,245.25,248.25,312.75,57.75,69.75,6.75,3764.25,422,12.7,31.4,21.4941505992705,0.7,33.2,13.9926230799114,13.1,21.10599,2.7,30.1,15.9173553719008,4,23
"3",0,21.037341,52.1622842,4.23,"Circle K","https://www.google.com/search?tbm=lcl&ei=RFCXX97pDcuEwPAPvcSt-Ag&q=B%C3%A9li+Bart%C3%B3ka&oq=B%C3%A9li+Bart%C3%B3ka&gs_l=psy-ab.3..38j0i22i30k1l4j38l2.30959.30959.0.31276.1.1.0.0.0.0.93.93.1.1.0....0...1c.2.64.psy-ab..0.1.93....0.hPU2OybjvTU#rlfi=hd:;si:10301404090697194792;mv:[[52.16326094837551,21.03854119567165],[52.16139513514246,21.03435694960842],null,[52.162328051537024,21.036449072640035],18]","aleja Jana Rodowicza „Anody” 6, 02-786 Warszawa",6282,"Czynne całą dobę",4.3,942,649.5,1178.25,697.5,1178.25,835.5,801,0.149952244508118,0.103390639923591,0.187559694364852,0.111031518624642,0.187559694364852,0.132999044890162,0.127507163323782,10,384.75,362.25,423.75,248.25,102,30.75,6282,304,6,36.6,20.3800905419489,1.3,36.2,16.416022699831,13.6,21.037338,3.2,34.9,16.4355371900826,7,24
"4",0,21.1724169,52.2096695,4.14,"Stacja Paliw ORLEN","https://www.google.com/search?tbm=lcl&ei=90-XX8CkCqWHrwT86o-ICg&q=+52.20951+21.17208&oq=+52.20951+21.17208&gs_l=psy-ab.3...19331.22685.0.22986.4.4.0.0.0.0.83.287.4.4.0....0...1c.1j2.64.psy-ab..0.0.0....0.qURvwi4bqTo#rlfi=hd:;si:17014107588603822346;mv:[[52.20968997731902,21.172373708222867],[52.20933002268096,21.17178629177713]]","Konopna 11, 04-707 Warszawa",4466.25,"Czynne całą dobę",4.4,788.25,496.5,864.75,372,496.5,758.25,690,0.176490344248531,0.111167086481948,0.193618807724601,0.0832913518052057,0.111167086481948,0.169773299748111,0.154492023509656,10,321,321,289.5,99.75,87.75,0,4466.25,520,17,39.9,28.4459940072955,3.8,40.1,20.5011118927375,20.7,21.172235,2.7,34.6,22.2735537190083,1,7
"5",0,21.0422905,52.25758925,4.26,"BP","https://www.google.com/search?tbm=lcl&ei=6U6XX4CCLe3nrgTc_IioCw&q=52.2579+21.04312+&oq=52.2579+21.04312+&gs_l=psy-ab.3...151826.155632.0.156300.4.4.0.0.0.0.98.282.4.4.0....0...1c.1j2.64.psy-ab..0.0.0....0.x2NfqnKSOPY#rlfi=hd:;si:12068577599148508150;mv:[[52.25807997731903,21.043414028577637],[52.257720022680964,21.04282597142236]]","aleja ""Solidarności"" 15, 03-412 Warszawa",4164,"Czynne całą dobę",4.3,475.5,342.75,475.5,679.5,772.5,738.75,679.5,0.114193083573487,0.0823126801152738,0.114193083573487,0.163184438040346,0.185518731988473,0.177413544668588,0.163184438040346,NA,168.75,180.75,325.5,179.25,105,36.75,4164,274,10.1,35.1,21.2809829338197,6.8,34.6,18.207152756633,11.5,21.042235,3.3,29.2,16.7644628099174,3,15
"6",0,20.9607781,52.193375,4.28,"Shell","https://www.google.com/search?tbm=lcl&ei=106XX5OLKoOJrwT6iJawCw&q=52.16484+20.9313+&oq=52.16484+20.9313+&gs_l=psy-ab.3...13178.16510.0.17305.4.4.0.0.0.0.69.262.4.4.0....0...1c.1j2.64.psy-ab..0.0.0....0.LO4pyD3AwN0#rlfi=hd:;si:9808354900148768740;mv:[[52.16501997731903,20.93159341330009],[52.16466002268096,20.931006586699905]]","aleja Krakowska 15, 02-183 Warszawa",4893.75,"Czynne całą dobę",3.8,828.75,357,828.75,601.5,814.5,709.5,753.75,0.169348659003831,0.0729501915708812,0.169348659003831,0.122911877394636,0.166436781609195,0.144980842911877,0.154022988505747,10,300,318.75,330,135,123,20.25,4893.75,177,4,36.5,16.7908774101094,1.2,36.9,16.1460028558529,9.8,20.960782,2,30.1,14.5479338842975,5,31
"7",0,21.1399899,52.1917949,4.28,"Stacja Paliw Orlen","https://www.google.com/search?tbm=lcl&ei=i06XX4nWN8OrrgTtu7eIBw&q=52.19171+21.13994+&oq=52.19171+21.13994+&gs_l=psy-ab.3...14608.18282.0.18660.4.4.0.0.0.0.82.263.4.4.0....0...1c.1j2.64.psy-ab..0.0.0....0.bci9YuOcktE#rlfi=hd:;si:7946942776899185991;mv:[[52.191889977319036,21.14023359061029],[52.19153002268097,21.1396464093897]]","Trakt Lubelski 154, 04-766 Warszawa",4909.5,"Czynne całą dobę",4.4,811.5,445.5,940.5,726.75,530.25,750,705,0.165291781240452,0.0907424381301558,0.191567369385885,0.148029330889093,0.108004888481515,0.152765047357165,0.143599144515735,10,336,325.5,333,111.75,120,8.25,4909.5,481,19.9,36.3,27.1105947107869,6.5,38.1,19.2392013061327,17.8,21.139557,3,36.7,20.5446280991736,2,8
"8",0,20.9124173,52.2482102,4.29,"Circle K","https://www.google.com/search?tbm=lcl&ei=8k2XX-3ZL8PorgS_q6zQBw&q=52.24839+20.9119+&oq=52.24839+20.9119+&gs_l=psy-ab.3...37968.43283.0.43642.4.4.0.0.0.0.104.312.3j1.4.0....0...1c.1j2.64.psy-ab..0.0.0....0.AdrmGMOOrrs#rlfi=hd:;si:13173927419411724222;mv:[[52.248569977319036,20.912193965547168],[52.24821002268097,20.911606034452834]]","ul, Powstańców Śląskich 90, 01-493 Warszawa",6159,"Czynne całą dobę",4.3,946.5,688.5,1068,706.5,1068,840.75,840.75,0.153677545056016,0.111787627861666,0.173404773502192,0.114710180224062,0.173404773502192,0.136507549926936,0.136507549926936,10,341.25,366,469.5,220.5,143.25,6.75,6159,72,4.1,43.6,17.4980491141219,5.5,44.2,20.202151864179,13.8,20.912417,2.9,36.1,17.4652892561983,2,19
"9",0,20.9667669,52.3113096,4.29,"Wasbruk LPG 24H","https://www.google.com/search?tbm=lcl&ei=j02XX8msN-6EwPAP-diXoAg&q=%C5%9Awiderska+4&oq=%C5%9Awiderska+4&gs_l=psy-ab.3..0j38l4j0i22i30k1l5.9852.9852.0.10138.1.1.0.0.0.0.101.101.0j1.1.0....0...1c.2.64.psy-ab..0.1.100....0.ufEvr_TImHE#rlfi=hd:;si:11337591485387335667;mv:[[52.31208039543089,20.970447665112307],[52.310220827880066,20.966263419049074],null,[52.31115062142044,20.96835554208069],18]","Myśliborska 53, 03-185 Warszawa",6798.75,"Czynne całą dobę",3.3,1080,859.5,921,867.75,859.5,1143.75,1067.25,0.158852730281302,0.126420297848869,0.135466078323221,0.127633756205185,0.126420297848869,0.16822945394374,0.156977385548814,10,233.25,299.25,325.5,243,327,270.75,6798.75,113,7.7,43.5,21.486330771235,1.5,44.1,20.8117845930935,16.8,20.967024,2.9,35.7,19.0867768595041,2,17
"10",0,20.8971637,52.2387808,4.31,"Stacja Paliw ORLEN","https://www.google.com/search?tbm=lcl&ei=LE2XX4GjC_GSrgSSw7HICw&q=52.23909+20.89766+&oq=52.23909+20.89766+&gs_l=psy-ab.3...23077.29040.0.29376.4.4.0.0.0.0.100.297.3j1.4.0....0...1c.1j2.64.psy-ab..0.0.0....0.hgLH9P3LST8#rlfi=hd:;si:10541173074868023533;mv:[[52.239269977319026,20.897953903942494],[52.23891002268097,20.897366096057503]]","Lazurowa 40, 01-315 Warszawa",4881.75,"Czynne całą dobę",4.2,781.5,479.25,965.25,627,703.5,698.25,627,0.160086034721155,0.0981717621754494,0.197726225226609,0.128437548010447,0.144108157935167,0.143032723920725,0.128437548010447,10,306.75,315,341.25,141.75,108,12,4881.75,51,1.6,43.6,15.2801198540907,4.3,44.2,19.4700030448432,13.6,20.897166,2.6,36.1,16.8057851239669,3,16
"11",0,20.9980921,52.1807247,4.35,"Stacja Paliw ORLEN","https://www.google.com/search?tbm=lcl&ei=ikyXX766IMKOwPAP5Ns8&q=52.18077+20.99814+&oq=52.18077+20.99814+&gs_l=psy-ab.3...23097.26665.0.27318.4.4.0.0.0.0.115.309.3j1.4.0....0...1c.1j2.64.psy-ab..0.0.0....0.kGlMaZcJuv0#rlfi=hd:;si:3259066803003794739;mv:[[52.180949977319024,20.998433518385593],[52.18059002268097,20.997846481614406]]","Postępu 16, 02-676 Warszawa",4688.25,"Czynne całą dobę",4,846,266.25,980.25,686.25,399.75,786,723.75,0.180451127819549,0.0567909134538474,0.209086546152616,0.14637657974724,0.0852663573828187,0.167653175491921,0.154375299952008,10,351,310.5,263.25,123,113.25,15.75,4688.25,237,3.8,38.8,19.6486288431475,1.9,35.1,16.6783117919427,10.2,20.998092,2.3,33.2,15.4214876033058,5,30
"12",0,20.9192286,52.1982311,4.36,"Shell","https://www.google.com/search?tbm=lcl&ei=M0yXX4mEA_ChrgTR9K-YCg&q=+52.198+20.91875&oq=+52.198+20.91875&gs_l=psy-ab.3...32265.35893.0.36236.4.4.0.0.0.0.97.313.4.4.0....0...1c.1j2.64.psy-ab..0.0.0....0.qRkk2qhid08#rlfi=hd:;si:17018255189363046523;mv:[[52.198179977319036,20.919043632157138],[52.19782002268097,20.918456367842854]]","Kleszczowa 24, 02-485 Warszawa",4949.25,"Czynne całą dobę",4,908.25,603.75,867.75,642.75,657.75,602.25,666.75,0.183512653432338,0.121988180027277,0.175329595393241,0.129868161842703,0.132898924079406,0.121685103803607,0.134717381421428,10,339,300.75,339.75,150,86.25,24,4949.25,100,2.6,39.4,16.3686946326212,1.5,40,17.8641537960795,11.6,20.919105,3.5,31.9,15.9677685950413,3,28
"13",0,20.8961767,52.2307194,4.39,"Shell","https://www.google.com/search?tbm=lcl&ei=vkuXX4LWOvDGrgSQxZTwCA&q=52.2306+20.89601+&oq=52.2306+20.89601+&gs_l=psy-ab.3...17569.21334.0.21645.4.4.0.0.0.0.70.268.4.4.0....0...1c.1j2.64.psy-ab..0.0.0....0.pB7K49Z6vLo#rlfi=hd:;si:6989294052902278356;mv:[[52.230779977319024,20.89630384773269],[52.23042002268097,20.895716152267312]]","Lazurowa 73, 01-314 Warszawa",4136.25,"Czynne całą dobę",4.1,892.5,447,693,447,506.25,482.25,668.25,0.215775158658205,0.10806890299184,0.1675430643699,0.10806890299184,0.122393472348141,0.116591115140526,0.161559383499547,10,237,221.25,312.75,163.5,92.25,14.25,4136.25,58,3.4,45,16.1515763418447,5.2,45.6,20.5479316065223,15.1,20.896338,2.9,37.4,17.796694214876,4,13
"14",0,21.0411705,52.2492027,4.4,"Stacja Paliw ORLEN","https://www.google.com/search?tbm=lcl&ei=4UqXX_qFNsLIrgS6qYyAAw&q=52.2492+21.04117+&oq=52.2492+21.04117+&gs_l=psy-ab.3...42870.46656.0.46988.4.4.0.0.0.0.89.296.4.4.0....0...1c.1j2.64.psy-ab..0.0.0....0.cbPuGMPAryU#rlfi=hd:;si:5673603490496439494;mv:[[52.24937997731904,21.04146397091432],[52.24902002268097,21.040876029085673]]","Marcinkowskiego 6, 03-722 Warszawa",5166.75,"Czynne całą dobę",4.3,819,486,913.5,701.25,701.25,819.75,726,0.158513572361736,0.0940629989838874,0.176803599941936,0.13572361736101,0.13572361736101,0.158658731310785,0.140513862679634,10,351.75,333,304.5,170.25,102.75,28.5,5166.75,294,10.2,31.5,19.8921052631579,4.7,29.7,14.906455067564,8.3,21.041359,3.4,25.5,14.0181818181818,6,27
"15",0,21.1968478,52.2475624,4.43,NA,"https://www.google.com/search?tbm=lcl&ei=70mXX6r4Nsf1qwG1zKKADg&q=52.24772+21.19658+&oq=52.24772+21.19658+&gs_l=psy-ab.3...24583.28047.0.28413.4.4.0.0.0.0.106.311.3j1.4.0....0...1c.1j2.64.psy-ab..0.0.0....0.jwZvFg87rzk#rlfi=hd:;si:14385380180909364061;mv:[[52.24789997731903,21.19687396110786],[52.247540022680965,21.19628603889214]]","00-001, Juliana Ursyna Niemcewicza 6b, Warszawa",2997,"Zamknięte ⋅ Otwarcie: wt., 05:00",3.7,514.5,201,567.75,401.25,493.5,357,462,0.171671671671672,0.0670670670670671,0.189439439439439,0.133883883883884,0.164664664664665,0.119119119119119,0.154154154154154,10,53.25,228.75,214.5,249.75,0,39.75,2997,525,14.6,40.8,28.1298234757686,6.7,39.2,21.3329572777002,22.5,21.197088,8.6,36.5,23.5504132231405,0,3
"16",0,21.0553992,52.238541,4.44,NA,"https://www.google.com/search?tbm=lcl&ei=dkmXX43kNdXergTE6ragBA&q=ul.+Waszyngtona%2FSaska%2C+ZDM&oq=ul.+Waszyngtona%2FSaska%2C+ZDM&gs_l=psy-ab.3..33i160k1l2.11475.11475.0.11747.1.1.0.0.0.0.111.111.0j1.1.0....0...1c.2.64.psy-ab..0.1.110....0.I8urvwSTNa0#rlfi=hd:;si:10193770277239264106;mv:[[52.238801177319026,21.05615900083798],[52.23844122268096,21.055571199162024]]","al. Jerzego Waszyngtona 10, 03-924 Warszawa",4331.25,"Czynne całą dobę",3.9,696,351,696.75,582,561,722.25,722.25,0.160692640692641,0.081038961038961,0.160865800865801,0.134372294372294,0.12952380952381,0.166753246753247,0.166753246753247,10,243.75,295.5,341.25,119.25,43.5,34.5,4331.25,306,13.5,32,21.117958572173,2.3,29.2,14.74331184444,8.8,21.055359,3.7,27.8,14.6404958677686,1,26
"17",0,21.086929,52.2862674,4.44,"Shell","https://www.google.com/search?tbm=lcl&ei=fEiXX9O8BPCurgTtvqXoAw&q=%C5%81odygowa+26&oq=%C5%81odygowa+26&gs_l=psy-ab.3..0j38j0i22i30k1l3.7140.7140.0.7302.1.1.0.0.0.0.92.92.1.1.0....0...1c.1.64.psy-ab..0.1.92....0.txvvKL93qb0#rlfi=hd:;si:13458922360352736056;mv:[[52.28713361760427,21.087664506498722],[52.285273002206026,21.08348026043549],null,[52.28620331967231,21.085572383467106],18]","Łodygowa 28, 03-687 Warszawa",2924.25,"Zamknięte ⋅ Otwarcie: wt., 06:00",3.9,762.75,188.25,482.25,379.5,372,342.75,396.75,0.260836111823544,0.0643754808925365,0.16491408053347,0.129776865863042,0.12721210566812,0.117209540907925,0.135675814311362,10,127.5,189.75,224.25,208.5,0,0,2924.25,370,6.1,40.1,22.3096990620115,6.8,38.3,20.486405300127,16.5,21.086927,2.7,34.1,19.7132231404959,2,10
"18",0,21.0206406,52.16146,4.45,"Stacja Paliw ORLEN","https://www.google.com/search?tbm=lcl&ei=x0WXX_-tC8zrrgSV5o64Cw&q=52.15718+21.02059+&oq=52.15718+21.02059+&gs_l=psy-ab.3...36444.40450.0.41068.4.4.0.0.0.0.69.269.4.4.0....0...1c.1j2.64.psy-ab..0.0.0....0.hyvhbqklbTw#rlfi=hd:;si:10402088640616056425;mv:[[52.15735997731905,21.020883362804195],[52.15700002268098,21.020296637195806]]","Wawrzyńca Surowieckiego 2, 02-784 Warszawa",5048.25,"Czynne całą dobę",4.3,770.25,708,788.25,671.25,708,770.25,632.25,0.152577625909969,0.140246620115882,0.156143217946813,0.132966869707324,0.140246620115882,0.152577625909969,0.125241420294161,10,367.5,314.25,314.25,142.5,117,11.25,5048.25,273,6.1,37.8,20.8644997394476,1.5,37.4,17.2472270928047,13.5,21.0208,2.9,36,16.996694214876,6,23
"19",0,20.9571084,52.2240652,4.46,"Stacja Paliw ORLEN","https://www.google.com/search?tbm=lcl&ei=kEWXX-zFJqbLrgTyy6eoAw&q=52.22414+20.95741+&oq=52.22414+20.95741+&gs_l=psy-ab.3...48895.53609.0.53895.4.4.0.0.0.0.111.330.3j1.4.0....0...1c.1j2.64.psy-ab..0.0.0....0.LHu-CDTYPZk#rlfi=hd:;si:13609720847172526595;mv:[[52.22431997731903,20.957703804981644],[52.22396002268097,20.957116195018358]]","Aleja Prymasa Tysiąclecia 81, 01-242 Warszawa",5451,"Czynne całą dobę",4.3,817.5,544.5,1035,646.5,1035,717.75,654.75,0.149972482113374,0.0998899284534948,0.189873417721519,0.118602091359384,0.189873417721519,0.131673087506879,0.12011557512383,10,333.75,360,334.5,153,169.5,17.25,5451,141,6.4,36.1,16.6221567222512,0.3,36.7,16.0284782083723,8.3,20.957112,2.5,28.5,14.3487603305785,4,26
"20",0,21.046799,52.1879971,4.47,"Shell","https://www.google.com/search?tbm=lcl&ei=bUWXX4K3DMeyrgTyzKH4BQ&q=52.18749+21.04666+&oq=52.18749+21.04666+&gs_l=psy-ab.3...29784.33606.0.34528.4.4.0.0.0.0.106.280.3j1.4.0....0...1c.1j2.64.psy-ab..0.0.0....0.5tahu2g38UY#rlfi=hd:;si:15457763600897344856;mv:[[52.187669977319025,21.046953562744836],[52.18731002268097,21.046366437255173]]","aleja Sikorskiego 22, 02-930 Warszawa",5376,"Czynne całą dobę",3.8,955.5,441.75,921,658.5,802.5,815.25,781.5,0.177734375,0.0821707589285714,0.171316964285714,0.122488839285714,0.149274553571429,0.151646205357143,0.145368303571429,10,385.5,399.75,313.5,126.75,116.25,6,5376,330,9.9,31.9,20.6544880145909,0.2,31.5,13.8614312862888,10.9,21.046614,1.3,30.2,14.3933884297521,6,30
"21",0,21.0413118,52.1535379,4.44,NA,"https://www.google.com/search?tbm=lcl&ei=wkSXX8KkM6qMrwSPhJ0w&q=52.15419+21.04235+&oq=52.15419+21.04235+&gs_l=psy-ab.3...59109.63268.0.63602.4.4.0.0.0.0.120.349.3j1.4.0....0...1c.1j2.64.psy-ab..0.0.0....0.hfe_h_H6viU#rlfi=hd:;si:6161510676808603824;mv:[[52.15436997731903,21.042643343099794],[52.154010022680964,21.042056656900208]]","Jana Ciszewskiego 15, 02-777 Warszawa",5148,"Czynne całą dobę",4.4,799.5,522,955.5,657,809.25,711,693.75,0.15530303030303,0.101398601398601,0.185606060606061,0.127622377622378,0.15719696969697,0.138111888111888,0.134761072261072,10,349.5,367.5,381.75,102.75,81,0,5148,354,5.4,38.7,21.0528888744138,3.4,38.3,18.1656756927018,15.3,21.041864,3.7,37,18.096694214876,5,18
"22",0,21.06384102,52.1867622,4.44,"Shell","https://www.google.com/search?tbm=lcl&ei=pESXX6mMOuTMrgSpiIfoCQ&q=52.1883+21.0612+&oq=52.1883+21.0612+&gs_l=psy-ab.3...25244.28772.0.29228.4.4.0.0.0.0.113.308.3j1.4.0....0...1c.1j2.64.psy-ab..0.0.0....0.8KYdDXfhHto#rlfi=hd:;si:10769927087746115935;mv:[[52.18847997731903,21.06149356809288],[52.18812002268096,21.060906431907117]]","Rog Bonifacego, Świętego Bonifacego, 02-903 Warszawa",5197.5,"Czynne całą dobę",3.2,930.75,513.75,930.75,601.5,779.25,681.75,759.75,0.179076479076479,0.0988455988455988,0.179076479076479,0.115728715728716,0.14992784992785,0.131168831168831,0.146176046176046,10,296.25,339.75,406.5,170.25,86.25,5.25,5197.5,364,10.3,32.6,21.1748599531006,2.3,32,14.5080011129427,12.2,21.063851,2.5,30.7,15.0595041322314,4,26
"23",0,21.091199,52.2211667,4.45,"Circle K","https://www.google.com/search?tbm=lcl&ei=CkSXX97MJfHKrgSIuL7ADQ&q=52.22112+21.09148+&oq=52.22112+21.09148+&gs_l=psy-ab.3...78625.82775.0.83069.4.4.0.0.0.0.112.319.3j1.4.0....0...1c.1j2.64.psy-ab..0.0.0....0.KSLus4LqsfU#rlfi=hd:;si:9177401321955347069;mv:[[52.22129997731903,21.091773785001408],[52.22094002268096,21.091186214998594]]","Jugosłowiańska 19, 03-982 Warszawa",5690.25,"Czynne całą dobę",4.2,747,937.5,1034.25,563.25,937.5,764.25,706.5,0.131277184657968,0.164755502833795,0.181758270726242,0.0989851061025438,0.164755502833795,0.134308685910109,0.124159746935548,10,312.75,363,368.25,216,109.5,59.25,5690.25,393,14.8,30.1,21.4599596143825,2.5,31.8,14.0210120428798,11.6,21.091098,2.4,30.5,15.302479338843,5,22
"24",0,21.0234748,52.1984202,4.46,"Circle K","https://www.google.com/search?tbm=lcl&ei=Z0OXX-7GF6bIrgS-7K_QDA&q=52.19843+21.02262+&oq=52.19843+21.02262+&gs_l=psy-ab.3...42410.46091.0.46398.4.4.0.0.0.0.102.314.3j1.4.0....0...1c.1j2.64.psy-ab..0.0.0....0.i5qX-GDffdc#rlfi=hd:;si:10003809940034559726;mv:[[52.19860997731903,21.02291363499795],[52.198250022680966,21.022326365002055]]","ul, Puławska 86, 02-603 Warszawa",5590.5,"Czynne całą dobę",4,975,432.75,1116,752.25,618,901.5,795,0.174403005097934,0.0774081030319292,0.199624362758251,0.134558626240944,0.110544674000537,0.161255701636705,0.1422055272337,10,393,337.5,353.25,187.5,104.25,22.5,5590.5,269,8,35.5,20.3749869723814,4.1,32.9,15.0221633085896,8.1,21.023534,2.8,31.1,14.3396694214876,6,31
"25",0,21.2181563,52.1559509,4.47,"Circle K","https://www.google.com/search?tbm=lcl&ei=UUOXX8ynDqanrgSX96UI&q=52.15615+21.21777+&oq=52.15615+21.21777+&gs_l=psy-ab.3...16301.20911.0.21493.4.4.0.0.0.0.78.272.4.4.0....0...1c.1j2.64.psy-ab..0.0.0....0.EZfy0qhWLyM#rlfi=hd:;si:12610218207583765801;mv:[[52.15632997731903,21.218063356016003],[52.15597002268097,21.217476643983996]]","Ochocza 2, 04-942 Warszawa",4709.25,"Czynne całą dobę",4.1,693,540.75,929.25,641.25,600.75,690,614.25,0.147157190635452,0.114827201783724,0.197324414715719,0.136168179646441,0.127568084089823,0.146520146520147,0.130434782608696,10,292.5,340.5,333.75,136.5,69,0,4709.25,567,18.1,45.3,34.462877800938,11.9,46.3,26.7333006100186,26.3,21.218228,8.4,41.7,28.1454545454545,0,3
"26",0,21.0063023,52.1770599,4.45,"Stacja LPG","https://www.google.com/search?tbm=lcl&ei=VkKXX7-7AaLnrgSp_JqwAQ&q=52.17764+21.00613+&oq=52.17764+21.00613+&gs_l=psy-ab.3...14686.18285.0.18550.4.4.0.0.0.0.68.258.4.4.0....0...1c.1j2.64.psy-ab..0.0.0....0.k5o4pz2F1-0#rlfi=hd:;si:140101158066186374;mv:[[52.17781997731903,21.006423497730175],[52.17746002268097,21.005836502269826]]","Orzycka 27, 02-695 Warszawa",4212.75,"Czynne całą dobę",2.9,885.75,324.75,699.75,509.25,600,600.75,592.5,0.210254584297668,0.0770874132098985,0.166102901904931,0.120883033647855,0.142424781912053,0.142602812889443,0.140644472138152,10,202.5,260.25,366.75,145.5,67.5,9.75,4212.75,254,3.8,38.3,19.7201504689943,1.3,36,16.66298310637,11.2,21.006468,0.6,34.2,15.6157024793388,6,32
"27",0,21.0072948,52.177986,4.49,"Shell","https://www.google.com/search?tbm=lcl&ei=7EGXX86jBcOyrgSf3IuIDA&q=52.17745+21.00669+&oq=52.17745+21.00669+&gs_l=psy-ab.3...46936.52462.0.53328.4.4.0.0.0.0.104.310.3j1.4.0....0...1c.1j2.64.psy-ab..0.0.0....0.iWivkfIlwyo#rlfi=hd:;si:10712365843499689177;mv:[[52.17762997731903,21.006983496476455],[52.177270022680965,21.006396503523547]]","aleja Lotników, Aleja Wilanowska, 02-668 Warszawa",4203,"Czynne całą dobę",3.8,910.5,418.5,739.5,418.5,601.5,504,610.5,0.216630977872948,0.0995717344753747,0.175945753033547,0.0995717344753747,0.143112062812277,0.119914346895075,0.145253390435403,10,225.75,285,336.75,147,57.75,6.75,4203,254,3.2,37.7,19.1442059666493,1,35.4,16.1318243860441,10.6,21.007214,0.8,33.6,15.0793388429752,6,35
"28",0,20.9819527,52.2506418,4.49,"Shell","https://www.google.com/search?tbm=lcl&ei=8T-XX466B9qNwPAPnZySsAY&q=52.25045+20.98208+&oq=52.25045+20.98208+&gs_l=psy-ab.3...500281.505446.0.506000.4.4.0.0.0.0.114.296.3j1.4.0....0...1c.1j2.64.psy-ab..0.0.0....0.5-jeViXrkO0#rlfi=hd:;si:11827506936426490427;mv:[[52.25062997731903,20.982373979197476],[52.250270022680965,20.981786020802527]]","Stawki 42, 01-040 Warszawa",5275.5,"Czynne całą dobę",4.2,889.5,429.75,889.5,729.75,738.75,739.5,858.75,0.168609610463463,0.0814614728461757,0.168609610463463,0.138328120557293,0.140034119988627,0.140176286607904,0.162780779073074,10,310.5,342,402,170.25,87.75,9,5275.5,174,5.2,36.5,16.9214727722772,4,37.1,15.9329872011591,5.3,20.981799,2.3,29.2,13.5,5,30
"29",0,21.0063295,52.2154549,4.5,"Stacja Paliw ORLEN","https://www.google.com/search?tbm=lcl&ei=3j-XX8DxOoOMrwTZ9434DQ&q=52.21541+21.00632+&oq=52.21541+21.00632+&gs_l=psy-ab.3...12895.16871.0.17532.4.4.0.0.0.0.74.259.4.4.0....0...1c.1j2.64.psy-ab..0.0.0....0.-3sVc2QUrco#rlfi=hd:;si:13431692868315545202;mv:[[52.215589977319034,21.006613747233864],[52.21523002268097,21.006026252766137]]","aleja Niepodległości 206, 00-608 Warszawa",4066.5,"Czynne całą dobę",4.2,794.25,194.25,921,517.5,458.25,663.75,517.5,0.195315381777942,0.0477683511619329,0.226484691995574,0.127259313906308,0.112689044632977,0.16322390261896,0.127259313906308,10,339,288.75,195.75,109.5,60.75,27,4066.5,234,9.6,33.2,18.1683689421574,1.6,32,13.97259378642,3.9,21.006293,2.8,26.9,12.6611570247934,6,41
"30",0,21.0001009,52.2063695,4.51,"Stacja Paliw ORLEN","https://www.google.com/search?tbm=lcl&ei=ej-XX7nPAt2EwPAPo7ODiA4&q=52.20619+20.99986+&oq=52.20619+20.99986+&gs_l=psy-ab.3...38406.42653.0.42993.4.4.0.0.0.0.106.299.3j1.4.0....0...1c.1j2.64.psy-ab..0.0.0....0.rS2X_StciX8#rlfi=hd:;si:14172653514626874436;mv:[[52.206369977319035,21.00015368627684],[52.20601002268097,20.999566313723157]]","Rakowiecka 38, 02-532 Warszawa",4748.25,"Czynne całą dobę",4.1,692.25,525.75,794.25,654.75,790.5,692.25,598.5,0.145790554414784,0.110725003948823,0.167272152898436,0.137892907913442,0.166482388248302,0.145790554414784,0.126046438161428,10,286.5,309.75,332.25,175.5,68.25,18,4748.25,226,8.6,35.2,19.6371808233455,3.6,33.8,15.273669456023,5.8,21.000141,2.5,28.8,13.8454545454545,3,29
"31",0,20.9799773,52.2515134,4.53,"Stacja Paliw ORLEN","https://www.google.com/search?tbm=lcl&ei=Fj-XX9GWE8yIrwTk34iwAg&q=52.25136+20.97974+&oq=52.25136+20.97974+&gs_l=psy-ab.3...48434.52193.0.52510.4.4.0.0.0.0.79.290.4.4.0....0...1c.1j2.64.psy-ab..0.0.0....0.GgtvXul1QR8#rlfi=hd:;si:14253348669785333287;mv:[[52.25153997731902,20.98003398522799],[52.251180022680956,20.979446014772012]]","Spokojna 1, 01-044 Warszawa",4623,"Czynne całą dobę",4.2,757.5,325.5,757.5,561,660,810,751.5,0.163854639844257,0.0704088254380273,0.163854639844257,0.121349772874757,0.142764438676184,0.175210902011681,0.162556781310837,10,266.25,255.75,312.75,195,87.75,36.75,4623,174,7.1,37.8,17.8554781136008,5.2,38.4,17.1272586961771,6.7,20.980101,3.1,30.4,14.6123966942149,3,24
"32",0,20.9362718,52.1698875,4.54,"Stacja Paliw ORLEN","https://www.google.com/search?tbm=lcl&ei=_D6XX6TELYGxjgb-z4iYBQ&q=52.1698+20.93607+&oq=52.1698+20.93607+&gs_l=psy-ab.3...18281.24130.0.24735.4.4.0.0.0.0.85.276.4.4.0....0...1c.1j2.64.psy-ab..0.0.0....0.PMCam4W97cA#rlfi=hd:;si:5233495521569873412;mv:[[52.16997997731903,20.936363446009242],[52.16962002268097,20.93577655399075]]","aleja Krakowska 51, 02-183 Warszawa",4755,"Czynne całą dobę",4.1,715.5,279.75,884.25,608.25,884.25,715.5,667.5,0.150473186119874,0.0588328075709779,0.18596214511041,0.127917981072555,0.18596214511041,0.150473186119874,0.140378548895899,10,298.5,345,293.25,93.75,144.75,6.75,4755,129,2.4,42.8,16.9794293903075,4.6,43.4,20.1987668385078,15.5,20.936175,7.4,35.3,18.5148760330579,0,13
"33",0,21.0071231,52.2567647,4.58,"Stacja Paliw ORLEN","https://www.google.com/search?tbm=lcl&ei=aj6XX_6iCa2wrgS-n5OQDw&q=52.25676+21.0076+&oq=52.25676+21.0076+&gs_l=psy-ab.3...55421.60163.0.60942.4.4.0.0.0.0.98.299.4.4.0....0...1c.1j2.64.psy-ab..0.0.0....0.JgRtldFDGNc#rlfi=hd:;si:17540446334312218548;mv:[[52.25693997731903,21.007894021020082],[52.25658002268097,21.00730597897992]]","Romana Sanguszki 2, 00-222 Warszawa",5378.25,"Czynne całą dobę",4.1,822.75,504.75,1008,743.25,705,851.25,743.25,0.152977269557942,0.0938502300934319,0.187421559057314,0.138195509691814,0.1310835308883,0.158276391019384,0.138195509691814,10,381.75,379.5,317.25,131.25,128.25,12,5378.25,218,5.7,33.5,17.8086340541949,0.7,34.1,14.9554591938515,7.4,21.007216,3.6,26,13.3148760330579,4,34
"34",0,21.0355902,52.2997835,4.59,"Circle K","https://www.google.com/search?tbm=lcl&ei=Vj6XX8aeMceFrwSh-oPQBA&q=52.29974+21.03553+&oq=52.29974+21.03553+&gs_l=psy-ab.3...14744.18321.0.18627.4.4.0.0.0.0.79.287.4.4.0....0...1c.1j2.64.psy-ab..0.0.0....0.edKsF4lQ6aI#rlfi=hd:;si:2165710823210223120;mv:[[52.299919977319036,21.035824306302928],[52.29956002268097,21.035235693697068]]","Krasnobrodzka 1, 03-226 Warszawa",4673.25,"Czynne całą dobę",4.4,710.25,449.25,878.25,602.25,670.5,667.5,695.25,0.151982025357086,0.0961322420157278,0.187931311186005,0.128871770181351,0.14347616754935,0.142834216016691,0.148772267693789,10,287.25,326.25,321,111.75,108,14.25,4673.25,249,0.9,37.1,18.555539994789,4.3,36.7,19.8575296872211,17.6,21.035638,2.7,34.7,18.6892561983471,2,10
"35",0,20.9486487,52.2908059,4.63,"Stacja Paliw ORLEN","https://www.google.com/search?tbm=lcl&ei=dzyXX6H8Ec72qwHmlp_QDg&q=52.29074+20.94881+&oq=52.29074+20.94881+&gs_l=psy-ab.3...24559.28659.0.29220.4.4.0.0.0.0.92.286.4.4.0....0...1c.1j2.64.psy-ab..0.0.0....0.sGyobWk80p4#rlfi=hd:;si:182758370435821674;mv:[[52.29091997731902,20.949104246505254],[52.29056002268096,20.948515753494746]]","Marymoncka 127, 01-941 Warszawa",4948.5,"Czynne całą dobę",4.2,700.5,750,849.75,594,750,682.5,621.75,0.141558047893301,0.151561079114883,0.171718702637163,0.120036374658988,0.151561079114883,0.137920581994544,0.125644134586238,10,333,312,308.25,140.25,149.25,6,4948.5,91,4,40.9,18.0030093798854,3.2,41.5,18.2776204025493,11.5,20.948783,2.8,33.4,16.2272727272727,6,21
"36",0,21.0364825,52.1451222,4.23,"Shell","https://www.google.com/search?tbm=lcl&ei=BTyXX_DWGOWMwPAP9eCT-AY&q=52.1452+21.03644+&oq=52.1452+21.03644+&gs_l=psy-ab.3...8991.13045.0.13262.5.5.0.0.0.0.77.336.5.5.0....0...1c.1j2.64.psy-ab..0.0.0....0.lRsfTemVuio#rlfi=hd:;si:3282489304163253012;mv:[[52.145379977319024,21.036733283875535],[52.14502002268097,21.036146716124456]]","Rotmistrza Witolda Pileckiego 101, 02-781 Warszawa",4290,"Czynne całą dobę",4,915.75,335.25,627,367.5,462,791.25,791.25,0.213461538461538,0.0781468531468531,0.146153846153846,0.0856643356643357,0.107692307692308,0.184440559440559,0.184440559440559,10,254.25,273.75,302.25,151.5,81.75,14.25,4290,348,3.7,41.2,21.0757067483064,2.9,40.8,19.7344172275128,16.6,21.03638,3.3,39,19.404958677686,4,14
"37",0,20.9997469,52.2092793,4.29,"Stacja gazowa","https://www.google.com/search?tbm=lcl&ei=ajuXX9LXMrCwrgT4pr2QBQ&q=52.21327+21.01671+&oq=52.21327+21.01671+&gs_l=psy-ab.3...20020.23433.0.23869.4.4.0.0.0.0.83.267.4.4.0....0...1c.1j2.64.psy-ab..0.0.0....0.84ma9gPIw0Y#rlfi=hd:;si:7927471009833328475;mv:[[52.21344997731902,21.017003733082554],[52.213090022680966,21.016416266917446]]","Stefana Batorego 2A, 00-636 Warszawa",4281.75,"Czynne całą dobę",3.7,750.75,282,885.75,282,594.75,804.75,681.75,0.175337186897881,0.0658609213522508,0.206866351375022,0.0658609213522508,0.138903485724295,0.187948852688737,0.159222280609564,15,291,326.25,300.75,74.25,68.25,6,4281.75,226,7.2,34.3,18.190818785826,2.7,33.1,14.3360945161324,4.9,20.99975,1,27.9,12.8380165289256,7,40
"38",0,20.9553868,52.2383524,4.23,NA,"https://www.google.com/search?tbm=lcl&ei=BjqXX_qwIs_orgT7o6zQCQ&q=52.23822+20.95551+&oq=52.23822+20.95551+&gs_l=psy-ab.3...71041.75256.0.75544.4.4.0.0.0.0.131.401.2j2.4.0....0...1c.1j2.64.psy-ab..0.0.0....0.I0fQR3BuacE#rlfi=hd:;si:7355031987799781220;mv:[[52.23839997731903,20.9558038981812],[52.23804002268097,20.95521610181881]]","Górczewska 50/52, 01-401 Warszawa",3777,"Czynne całą dobę",4.3,534,639.75,696.75,365.25,560.25,512.25,468.75,0.141382049245433,0.169380460683082,0.184471803018268,0.096703733121525,0.148332009531374,0.135623510722796,0.124106433677522,10,239.25,214.5,261,124.5,86.25,21.75,3777,139,3.7,38.1,15.6021886399166,1.1,38.7,16.4720063416734,8.4,20.955374,2.9,30.6,14.2595041322314,4,27
"39",0,20.9583617,52.2254723,4.14,"Stacja Paliw ORLEN","https://www.google.com/search?tbm=lcl&ei=1TmXX5LGDeexrgS85avgCQ&q=52.22546+20.95835+&oq=52.22546+20.95835+&gs_l=psy-ab.3...44420.48179.0.48753.4.4.0.0.0.0.89.297.4.4.0....0...1c.1j2.64.psy-ab..0.0.0....0.atAtlbdMMZ4#rlfi=hd:;si:12848804130116866202;mv:[[52.225639977319034,20.95864381371583],[52.22528002268097,20.95805618628416]]","Aleja Prymasa Tysiąclecia 52, 01-242 Warszawa",5525.25,"Czynne całą dobę",4.4,886.5,578.25,1076.25,675,791.25,806.25,711.75,0.160445228722682,0.104655897923171,0.194787566173476,0.122166417809149,0.143206189765169,0.145920999049817,0.128817700556536,10,363,333,352.5,183,154.5,9.75,5525.25,141,5,38.6,16.5806767847837,1,39.2,17.2034427726972,8.3,20.958551,3.4,31,15.0181818181818,4,22
"40",0,21.0950223,52.2346091,4.26,"Stacja Paliw ORLEN","https://www.google.com/search?tbm=lcl&ei=MTmXX9XaOvKnrgSQgZKwDg&q=52.2348+21.09479+&oq=52.2348+21.09479+&gs_l=psy-ab.3...27319.30884.0.31575.4.4.0.0.0.0.91.300.4.4.0....0...1c.1j2.64.psy-ab..0.0.0....0.xVWKibf6qSY#rlfi=hd:;si:16207259762813677326;mv:[[52.23497997731903,21.095083875536172],[52.23462002268097,21.094496124463838]]","Filomatów 6, 04-116 Warszawa",5776.5,"Czynne całą dobę",4.3,917.25,567,1117.5,738,863.25,772.5,801,0.158789924694884,0.0981563230329784,0.193456245131135,0.127759023630226,0.149441703453648,0.133731498312127,0.138665281745001,10,376.5,346.5,397.5,189.75,129.75,9,5776.5,391,14.8,32,22.7752800937989,0.2,32.1,15.1379665697217,12.7,21.094909,2.7,31.6,16.3223140495868,5,14
"41",0,20.9321818,52.2700282,4.28,"Stacja Paliw ORLEN","https://www.google.com/search?tbm=lcl&ei=azCXX_mbCZK53AOt-72QCw&q=52.2705+20.93262+&oq=52.2705+20.93262+&gs_l=psy-ab.3...1973244.1982902.0.1983372.6.5.1.0.0.0.117.384.4j1.5.0....0...1c.1j2.64.psy-ab..0.0.0....0.J2ju8Kx2wiU#rlfi=hd:;si:10724550731382036300;mv:[[52.27067997731903,20.932914112142168],[52.27032002268097,20.93232588785784]]","Josepha Conrada 1, 01-922 Warszawa",5871.75,"Czynne całą dobę",4.3,908.25,702.75,1126.5,772.5,869.25,746.25,746.25,0.154681313066803,0.119683229020309,0.191850811086984,0.131562140758718,0.148039340911994,0.127091582577596,0.127091582577596,10,394.5,342,372,177.75,161.25,21,5871.75,94,4.7,43.2,17.9230100312663,4.2,43.8,19.6200397929507,12.4,20.932121,4.1,35.7,17.0636363636364,3,21
"42",0,20.9080351,52.2842445,4.28,NA,"https://www.google.com/search?tbm=lcl&ei=KjCXX6-RIe_HrgS5vKvYAg&q=Arkuszowa+11&oq=Arkuszowa+11&gs_l=psy-ab.3..0l2j38j0i22i30k1l3.11671.11671.0.12102.1.1.0.0.0.0.94.94.1.1.0....0...1c.2.64.psy-ab..0.1.93....0.zcTwpMeX3lo#rlfi=hd:;si:16743738134385568528;mv:[[52.28436125629095,20.911134468250914],[52.2825005244661,20.90695022218768],null,[52.28343090014591,20.909042345219298],18]","Arkuszowa 22, 01-934 Warszawa",4958.25,"Czynne całą dobę",4.3,823.5,414.75,909.75,663.75,637.5,754.5,754.5,0.166086824988655,0.0836484646800787,0.183482075328997,0.133867796097413,0.128573589472092,0.152170624716382,0.152170624716382,10,319.5,385.5,300.75,80.25,154.5,6.75,4958.25,61,7.4,44.9,21.0300970557582,5.5,45.5,21.5678532805561,15.1,20.907755,2.8,37.3,19.3413223140496,4,12
"43",0,21.0587912,52.2655904,4.29,"Circle K","https://www.google.com/search?tbm=lcl&ei=ZC-XX6nlNsGrrgT_2J3wCg&q=52.26557+21.05877+&oq=52.26557+21.05877+&gs_l=psy-ab.3...143252.147440.0.147985.4.4.0.0.0.0.110.356.3j1.4.0....0...1c.1j2.64.psy-ab..0.0.0....0.Hesd6g1Cwjo#rlfi=hd:;si:6127711332241575417;mv:[[52.265749977319025,21.05906407943854],[52.26539002268096,21.058475920561463]]","ul, Radzymińska 96, 03-512 Warszawa",4473,"Czynne całą dobę",4.3,743.25,465,743.25,465,795,630.75,630.75,0.166163648558015,0.103957075788062,0.166163648558015,0.103957075788062,0.177733065057009,0.141012743125419,0.141012743125419,10,219.75,318,309.75,164.25,93.75,15,4473,325,7.3,35.3,20.5912421834289,7.1,34.5,18.1317703138288,11.7,21.058925,1.8,29.4,16.6644628099174,3,18
"44",0,21.015053,52.3174845,4.29,"Stacja paliw AVIA","https://www.google.com/search?tbm=lcl&ei=WiuXX4-qLcrrrgTfwYbIDA&q=P%C5%82ochoci%C5%84ska+33&oq=P%C5%82ochoci%C5%84ska+33&gs_l=psy-ab.3..0j38j0i22i30k1l7.10544.10544.0.10877.1.1.0.0.0.0.118.118.0j1.1.0....0...1c.2.64.psy-ab..0.1.118....0.tWfvUjELpzE#rlfi=hd:;si:14609938657127693887;mv:[[52.31866749280036,21.015850907972226],[52.31680820198833,21.011666661908993],null,[52.31773785715869,21.01375878494061],18]","Płochocińska 33, 03-046 Warszawa",3951.75,"Czynne całą dobę",4.1,614.25,352.5,717,571.5,534,461.25,701.25,0.1554374644145,0.089200986904536,0.181438603150503,0.144619472385652,0.13513000569368,0.116720440311255,0.177453027139875,10,273.75,242.25,152.25,183,149.25,0,3951.75,192,7,42.9,21.5532047941636,5,43.5,21.7849185766933,18.8,21.015047,5,37.4,20.2132231404959,1,11
"45",0,21.0578312,52.3039117,4.31,NA,"https://www.google.com/search?tbm=lcl&ei=iSmXX_riEdOGwPAP5O-d4A8&q=G%C5%82%C4%99bocka+15&oq=G%C5%82%C4%99bocka+15&gs_l=psy-ab.3..0l10.22438.22438.0.22907.1.1.0.0.0.0.85.85.1.1.0....0...1c.2.64.psy-ab..0.1.84....0.CQbxlL6lhbc#rlfi=hd:;si:3284169430020976114;mv:[[52.3059134,21.0600071],[52.3020107,21.056695599999998]]","Głębocka 15, 03-287 Warszawa",3229.5,"Otwarte ⋅ Zamknięcie: 22:00",4.1,575.25,135,648,135,710.25,513,513,0.178123548536925,0.0418021365536461,0.200650255457501,0.0418021365536461,0.219925685090571,0.158848118903855,0.158848118903855,15,25.5,237.75,250.5,310.5,0,0,3229.5,281,2.6,37.5,18.810054064617,4.9,36.5,20.1038008042586,18,21.056821,1.5,35.3,18.9413223140496,3,11
"46",0,21.0520792,52.3051107,4.35,"Shell","https://www.google.com/search?tbm=lcl&ei=OCmXX_3gKrHMrgT_q6zQBQ&q=Ostr%C3%B3dzka+50A%2C&oq=Ostr%C3%B3dzka+50A%2C&gs_l=psy-ab.3..38j0i22i30k1l3j38l2.15016.15016.0.15512.1.1.0.0.0.0.132.132.0j1.1.0....0...1c.2.64.psy-ab..0.1.131....0.-MwLA8RnKTo#rlfi=hd:;si:9517866993140406962;mv:[[52.30567047225389,21.05378862383423],[52.303810635431375,21.049604377770997],null,[52.30474056360813,21.051696500802613],18]","Ostródzka 51, 03-289 Warszawa",4884,"Czynne całą dobę",3.7,887.25,509.25,866.25,509.25,798.75,673.5,639.75,0.181664619164619,0.104269041769042,0.177364864864865,0.104269041769042,0.163544226044226,0.137899262899263,0.130988943488943,10,312.75,290.25,339.75,130.5,141,7.5,4884,281,0.7,38.2,17.4914245700886,2.1,38.8,18.8841132681667,15.2,21.052073,3.5,32.8,17.295041322314,2,17
"47",0,21.0283672,52.3627589,4.36,"Circle K","https://www.google.com/search?tbm=lcl&ei=FiiXX86jE6_MrgTS_I4o&q=P%C5%82ochoci%C5%84ska+195&oq=P%C5%82ochoci%C5%84ska+195&gs_l=psy-ab.3..0j38j0i22i30k1l2.11267.11267.0.11703.1.1.0.0.0.0.152.152.0j1.1.0....0...1c.2.64.psy-ab..0.1.152....0.PF9N6Fl4Wr4#rlfi=hd:;si:126398690680920883;mv:[[52.36309387731903,21.02750662693197],[52.36273392268097,21.026917173068018]]","ul, Płochocińska 200, 03-044 Warszawa",3666.75,"Czynne całą dobę",4.1,475.5,210,684.75,505.5,753.75,531,506.25,0.129678870934751,0.0572714256494171,0.186745755778278,0.137860503170382,0.205563509920229,0.144814890570669,0.138065043976273,10,252,243,306.75,45.75,49.5,0,3666.75,201,13.1,47.6,27.6728341584158,12.3,48.2,28.6427175750449,26.1,21.028218,1.7,43.2,27.2429752066116,1,2
"48",0,20.9752229,52.2787382,4.39,"Shell","https://www.google.com/search?tbm=lcl&ei=JyaXX6ynB8zMrgTL9a6oDQ&q=+52.27867+20.97514&oq=+52.27867+20.97514&gs_l=psy-ab.3...132141.136537.0.136900.4.4.0.0.0.0.82.296.4.4.0....0...1c.1j2.64.psy-ab..0.0.0....0.sVykFgn6nPc#rlfi=hd:;si:10569263421074009321;mv:[[52.278849977319034,20.97543416635946],[52.27849002268097,20.974845833640543]]","aleja Armii Krajowej 10, 01-783 Warszawa",4881,"Otwarte ⋅ Zamknięcie: 22:00",3.7,779.25,315.75,910.5,612.75,576.75,843,843,0.159649661954518,0.0646896127842655,0.186539643515673,0.125537799631223,0.118162261831592,0.172710510141364,0.172710510141364,10,232.5,363.75,383.25,261.75,0,0,4881,140,3.7,39.2,17.9631122980719,3.7,39.8,17.8268187688334,10.6,20.975337,4.9,31.7,15.9322314049587,1,24
"49",0,20.9529728,52.2246171,4.4,"MOYA","https://www.google.com/search?tbm=lcl&ei=7SWXX8HPL-nnrgSA6q3gDQ&q=52.22175+20.95735+&oq=52.22175+20.95735+&gs_l=psy-ab.3...48197.56140.0.56553.6.6.0.0.0.0.112.496.5j1.6.0....0...1c.1j2.64.psy-ab..0.0.0....0.xtPecZ1kYMc#rlfi=hd:;si:5185601933580642249;mv:[[52.221929977319036,20.957643789169175],[52.22157002268097,20.95705621083082]]","ul, Juliana Konstantego Ordona 1a, 01-237 Warszawa",3312,"Czynne całą dobę",4.3,729,242.25,729,242.25,282.75,624,462.75,0.220108695652174,0.073143115942029,0.220108695652174,0.073143115942029,0.0853713768115942,0.188405797101449,0.139719202898551,10,151.5,147.75,237.75,180,60.75,30,3312,141,5.5,37.8,16.4866629755081,2.1,38.4,16.7780566550823,8.1,20.952971,2.3,30.3,14.5876033057851,4,27
"50",0,20.9069101,52.239963,4.43,"Stacja Paliw Tesco","https://www.google.com/search?tbm=lcl&ei=AiWXX7qOHJKtrgSGhKfIDA&q=52.23949+20.90451+&oq=52.23949+20.90451+&gs_l=psy-ab.3...130247.134158.0.134755.4.4.0.0.0.0.120.413.2j2.4.0....0...1c.1j2.64.psy-ab..0.0.0....0.uh7lAS8YVwM#rlfi=hd:;si:9834600175374790361;mv:[[52.239669977319025,20.904803906591468],[52.23931002268096,20.904216093408532]]","Górczewska 218, 01-460 Warszawa",4054.5,"Otwarte ⋅ Zamknięcie: 00:00",4.1,675.75,309.75,800.25,309.75,724.5,642,592.5,0.166666666666667,0.0763965963743988,0.197373288938217,0.0763965963743988,0.178690344062153,0.158342582315945,0.14613392526822,10,93.75,258,288,336,0,57,4054.5,51,3.2,45.2,16.7637799635227,5.8,45.8,20.9194040506914,15.2,20.90682,3.1,37.5,18.095041322314,3,12
"51",0,21.056565,52.301512,4.44,"Shell","https://www.google.com/search?tbm=lcl&ei=uiKXX8fPPN2NwPAPhdCh8Ak&q=52.30147+21.05657+&oq=52.30147+21.05657+&gs_l=psy-ab.3...235505.238937.0.239190.4.4.0.0.0.0.130.368.3j1.4.0....0...1c.1j2.64.psy-ab..0.0.0....0.IG2WkKFrs1o#rlfi=hd:;si:13309378786036812196;mv:[[52.30164997731903,21.056864317800983],[52.301290022680966,21.05627568219901]]","Głębocka 13A, 03-287 Warszawa",3228,"Otwarte ⋅ Zamknięcie: 22:00",4.2,648,370.5,648,357,528,330,346.5,0.200743494423792,0.114776951672862,0.200743494423792,0.110594795539033,0.163568773234201,0.102230483271375,0.107342007434944,10,82.5,208.5,217.5,291,0,0,3228,295,3.1,37.4,18.8928217821782,4.8,37,20.1646099975851,17.9,21.056527,1.8,35.2,18.8049586776859,3,11
"52",0,21.0344505,52.2015188,4.44,"Stacja Paliw ORLEN","https://www.google.com/search?tbm=lcl&ei=sCCXX4jvN6OqrgS1zp-YBw&q=52.20132+21.03438+&oq=52.20132+21.03438+&gs_l=psy-ab.3...47791.52269.0.53004.4.4.0.0.0.0.99.331.4.4.0....0...1c.1j2.64.psy-ab..0.0.0....0.gdNwtLP5kmo#rlfi=hd:;si:6992040392910607519;mv:[[52.201499977319024,21.03467365409265],[52.20114002268096,21.034086345907355]]","Dolna 1, 00-773 Warszawa",5991.75,"Czynne całą dobę",3.8,952.5,725.25,1053.75,676.5,914.25,872.25,797.25,0.158968581799975,0.121041431968957,0.175866816873201,0.112905244711478,0.152584804105645,0.145575165853048,0.133057954687696,10,416.25,387,396.75,165.75,98.25,33,5991.75,316,10.2,33.3,20.4000162845232,1.9,31.1,14.0150856230904,8.5,21.034424,2.8,29.8,13.9487603305785,6,31
"53",0,21.0067099,52.1882143,4.45,"Circle K","https://www.google.com/search?tbm=lcl&ei=hSCXX4HsE-KgrgSB3pS4AQ&q=52.18827+21.0068+&oq=52.18827+21.0068+&gs_l=psy-ab.3...34744.41984.0.42640.4.4.0.0.0.0.224.427.3j0j1.4.0....0...1c.1j2.64.psy-ab..0.0.0....0.LEPIOLHh0bg#rlfi=hd:;si:14064499540253640075;mv:[[52.188449977319024,21.007093567894803],[52.18809002268097,21.006506432105198]]","Jana Pawła Woronicza 19, 02-625 Warszawa",5318.25,"Czynne całą dobę",3.8,949.5,414,841.5,744,617.25,944.25,807.75,0.178536172613172,0.0778451558313355,0.158228740657171,0.139895642363559,0.116062614581864,0.177549005781977,0.151882668170921,10,403.5,337.5,336,144,105.75,3,5318.25,241,4.9,37.7,19.69698736321,2.7,34.1,16.0284498598322,9,21.006714,1.2,32,14.8198347107438,7,30
"54",0,20.959626,52.2591573,4.46,"Stacja Paliw ORLEN","https://www.google.com/search?tbm=lcl&ei=lPmVX6ikEIL4qwHCrbOYDA&q=52.25908+20.9596+&oq=52.25908+20.9596+&gs_l=psy-ab.3...75285.78932.0.79606.4.4.0.0.0.0.231.555.0j3j1.4.0....0...1c.1j2.64.psy-ab..0.0.0....0.vw3dZP6U888#rlfi=hd:;si:5288229971493493931;mv:[[52.25925997731903,20.959894036400904],[52.25890002268097,20.959305963599096]]","Powązkowska 43, 01-797 Warszawa",5874,"Czynne całą dobę",4.3,836.25,681,1023.75,725.25,1023.75,792,792,0.142364657814096,0.115934627170582,0.174284984678243,0.123467824310521,0.174284984678243,0.134831460674157,0.134831460674157,10,426,354,393,140.25,140.25,10.5,5874,145,3.3,39.5,16.3278823606045,2.7,40.1,17.4063500729712,8.3,20.959539,3.7,32.2,14.8834710743802,2,30
"55",0,21.078852,52.2928358,4.47,"Stacja Paliw ORLEN","https://www.google.com/search?tbm=lcl&ei=d_mVX6_NBO7zqwGKvoHoAg&q=+52.29273+21.07888&oq=+52.29273+21.07888&gs_l=psy-ab.3...23561.28109.0.28401.4.4.0.0.0.0.207.502.2j1j1.4.0....0...1c.1j2.64.psy-ab..0.0.0....0.DNMmA4IxeCQ#rlfi=hd:;si:11439997333371867165;mv:[[52.29290997731903,21.079174259724468],[52.29255002268096,21.078585740275535]]","Radzymińska 283, 03-643 Warszawa",5703,"Czynne całą dobę",4.4,794.25,856.5,1005.75,663.75,856.5,780,746.25,0.139268805891636,0.150184113624408,0.176354550236718,0.11638611257233,0.150184113624408,0.136770120988953,0.130852183061547,10,381.75,398.25,373.5,146.25,130.5,0,5703,350,3.3,38.8,20.096007034914,6.3,37.1,19.6570740106885,15.2,21.078725,2.5,32.9,18.4809917355372,3,15
"56",0,21.0710468,52.180757,4.44,"Stacja Paliw ORLEN","https://www.google.com/search?tbm=lcl&ei=_viVX_2cK-WxrgTz_5C4DA&q=52.18071+21.07101+&oq=52.18071+21.07101+&gs_l=psy-ab.3...71933.76032.0.76314.4.4.0.0.0.0.161.473.2j2.4.0....0...1c.1j2.64.psy-ab..0.0.0....0.am5-eXS10Dc#rlfi=hd:;si:10047717761010954885;mv:[[52.18088997731903,21.071303517989605],[52.18053002268097,21.07071648201039]]","Powsińska 14, 02-920 Warszawa",4847.25,"Czynne całą dobę",4.2,848.25,462,862.5,594.75,635.25,807.75,636.75,0.174996131827325,0.0953117747176234,0.177935943060498,0.122698437258239,0.131053690236732,0.166640878848832,0.13136314405075,10,364.5,352.5,314.25,89.25,100.5,5.25,4847.25,378,11.8,34.1,22.6056572433559,3.7,33.5,15.9373177031383,13.7,21.070842,1.8,32.1,16.397520661157,3,17
"57",0,20.9332517,52.3057897,4.44,"Stacja Paliw ORLEN","https://www.google.com/search?tbm=lcl&ei=7fiVX--cMMGEwPAP8JGckAU&q=52.30508+20.93241+&oq=52.30508+20.93241+&gs_l=psy-ab.3...11978.16003.0.16291.4.4.0.0.0.0.97.368.4.4.0....0...1c.1j2.64.psy-ab..0.0.0....0.PvryNdVkTxw#rlfi=hd:;si:13952963740250709881;mv:[[52.30525997731902,20.932704341797805],[52.30490002268096,20.932115658202193]]","Heroldów 1, 01-969 Warszawa",5937.75,"Czynne całą dobę",4.3,997.5,534.75,1101,802.5,891,835.5,775.5,0.167992926613616,0.0900593659214349,0.185423771630668,0.135152204117721,0.150056839712012,0.140709864847796,0.130605027156751,10,388.5,412.5,381.75,168.75,127.5,8.25,5937.75,79,5.4,41.1,19.7097674570089,0.4,41.8,18.9863024054261,14.4,20.93325,3,33.6,17.4528925619835,5,18
"58",0,21.0381519,52.2624704,4.45,"Stacja Paliw ORLEN","https://www.google.com/search?tbm=lcl&ei=n_iVX4inBpG53AP736HgCw&q=%C5%9Arodkowa+30&oq=%C5%9Arodkowa+30&gs_l=psy-ab.3..0l2j38l5j0i22i30k1l3.11869.11869.0.12160.1.1.0.0.0.0.129.129.0j1.1.0....0...1c.2.64.psy-ab..0.1.128....0.WoOPCNcxxY0#rlfi=hd:;si:2552651955650199275;mv:[[52.2627041,21.038687499999998],[52.262478599999994,21.0383662]]","11 Listopada 42A, 03-436 Warszawa",4443,"Czynne całą dobę",4.1,633,474,953.25,554.25,663.75,546.75,618,0.142471303173531,0.106684672518569,0.214550979068197,0.12474679270763,0.149392302498312,0.12305874409183,0.139095205941931,10,259.5,304.5,303.75,158.25,58.5,30.75,4443,277,7.5,33.9,20.3075006513809,5.7,33.3,17.0247152021671,10.3,21.038224,4,28,15.4545454545455,4,24
"59",0,21.1553126,52.1713218,4.46,"Shell","https://www.google.com/search?tbm=lcl&ei=WfiVX_a_OYGrrgT12aDADQ&q=52.17059+21.15507+&oq=52.17059+21.15507+&gs_l=psy-ab.3...11884.16764.0.17092.5.5.0.0.0.0.108.496.2j3.5.0....0...1c.1j2.64.psy-ab..0.0.0....0.XvzfGF4lH9I#rlfi=hd:;si:8465658686393600901;mv:[[52.170769977319026,21.155363451219845],[52.17041002268096,21.15477654878015]]","Wał Miedzeszyński 219, 04-866 Warszawa",5253.75,"Czynne całą dobę",4.1,918.75,568.5,843,552.75,843,689.25,838.5,0.174875089221984,0.108208422555318,0.1604568165596,0.105210563882941,0.1604568165596,0.131192005710207,0.15960028551035,10,304.5,411.75,356.25,106.5,133.5,5.25,5253.75,491,21.3,37.7,28.5331813444502,8.8,39.5,21.0719559442689,19.2,21.155314,3.7,38.1,22.0735537190083,1,5
"60",0,21.0671444,52.248351,4.47,"Stacja Paliw ORLEN","https://www.google.com/search?tbm=lcl&ei=dfaVX8mlC4L3qwG_wYiIDw&q=52.25061+21.06599+&oq=52.25061+21.06599+&gs_l=psy-ab.3...24662.28837.0.29110.4.4.0.0.0.0.108.410.1j3.4.0....0...1c.1j2.64.psy-ab..0.0.0....0.W7Q40Khv0ag#rlfi=hd:;si:10110948609858460035;mv:[[52.25078997731902,21.06628398025776],[52.250430022680966,21.065696019742237]]","Chodakowska 35, 03-828 Warszawa",5146.5,"Czynne całą dobę",4.2,915.75,391.5,915.75,637.5,582.75,876,827.25,0.177936461672982,0.0760711162926261,0.177936461672982,0.123870591664238,0.113232293791897,0.170212765957447,0.160740308947829,10,363.75,337.5,320.25,121.5,145.5,6,5146.5,347,13,32,21.5989643043252,3.8,30.2,15.2448941129532,11.1,21.067144,4.2,26.8,15.2132231404959,2,20
"61",0,21.012229,52.229676,4.45,NA,"https://www.google.com/search?tbm=lcl&ei=MPaVX-OMM6mMrwSm1aK4Cw&q=P%C5%82ochoci%C5%84ska+86A&oq=P%C5%82ochoci%C5%84ska+86A&gs_l=psy-ab.3..38j0i22i30k1l2.11266.11266.0.11882.1.1.0.0.0.0.135.135.0j1.1.0....0...1c.2.64.psy-ab..0.1.135....0.VV0fdOwod9Y#rlfi=hd:;si:15469775251188249737;mv:[[52.33629797731904,21.030622548327095],[52.33593802268098,21.03003345167292]]","Płochocińska 86, 03-044 Warszawa",3279,"Czynne całą dobę",3.9,357.75,319.5,645.75,423,654.75,541.5,336.75,0.109103385178408,0.0974382433668801,0.196935041171089,0.12900274473925,0.19967978042086,0.165141811527905,0.102698993595608,10,216,198,261.75,37.5,85.5,0,3279,259,9,32.2,18.1127019280875,3.1,32.4,13.9967635416776,2.1,21.012232,3.6,25.8,12.5289256198347,7,41
"62",0,21.0027023,52.1874123,4.49,"Stacja Paliw ORLEN","https://www.google.com/search?tbm=lcl&ei=g_WVX-GgOK_MrgTS_I4o&q=52.18784+21.00306+&oq=52.18784+21.00306+&gs_l=psy-ab.3...24431.29563.0.29893.4.4.0.0.0.0.134.447.1j3.4.0....0...1c.1.64.psy-ab..0.0.0....0.KyJg4TlSsm4#rlfi=hd:;si:4012597021550968305;mv:[[52.18801997731902,21.00335356505568],[52.187660022680966,21.00276643494431]]","Wołoska 28, 02-675 Warszawa",5710.5,"Czynne całą dobę",4.2,984.75,475.5,984.75,790.5,792,898.5,784.5,0.172445495140531,0.0832676648279485,0.172445495140531,0.138429209351195,0.138691883372734,0.157341738902023,0.137378513265038,10,386.25,355.5,368.25,201.75,99,18,5710.5,241,5.4,38.1,19.9721436946326,3.2,34.9,16.3461729470932,8.7,21.002574,1.2,31.7,14.9280991735537,7,28
"63",0,20.9375176,52.2004819,4.49,NA,"https://www.google.com/search?tbm=lcl&ei=MfOVX_adLt-HwPAP37WWyAI&q=52.20053+20.93766+&oq=52.20053+20.93766+&gs_l=psy-ab.3...44612.48463.0.48769.4.4.0.0.0.0.98.300.4.4.0....0...1c.1j2.64.psy-ab..0.0.0....0.1uZWeZZGDJg#rlfi=hd:;si:14656633106702062438;mv:[[52.20070997731903,20.937953648872664],[52.20035002268097,20.93736635112733]]","Jutrzenki 156, 02-231 Warszawa",3807.75,"Zamknięte ⋅ Otwarcie: pon., 08:00",4.3,603.75,598,703.5,572.25,784.5,550.5,550.5,0.158558203663581,0.0112271026196573,0.184754776442781,0.150285601733307,0.206027181406342,0.144573567067166,0.144573567067166,25,117,330.75,299.25,210.75,0,0,3807.75,114,3,37.7,16.0184308233455,1.3,38.3,16.7114743340718,9.9,20.937514,3.7,30.2,15.1107438016529,3,25
"64",0,20.9340256,52.2881064,4.5,"AMIC Energy","https://www.google.com/search?tbm=lcl&ei=o_KVX66aBpOPwPAP-tqkuAk&q=Williama+Szekspira+4&oq=Williama+Szekspira+4&gs_l=psy-ab.3..38.18922.18922.0.19225.1.1.0.0.0.0.104.104.0j1.1.0....0...1c.2.64.psy-ab..0.1.104....0.f05iz3H8-yw#rlfi=hd:;si:7691116514147218163;mv:[[52.287756599999994,20.934845],[52.2854865,20.9341693]]","Jana Kasprowicza 115, 01-909 Warszawa",5197.5,"Czynne całą dobę",4.1,721.5,541.5,968.25,544.5,840.75,899.25,681.75,0.138816738816739,0.104184704184704,0.186291486291486,0.104761904761905,0.161760461760462,0.173015873015873,0.131168831168831,10,345.75,299.25,360.75,184.5,81.75,28.5,5197.5,85,6.2,43.1,19.6251107347577,3.4,43.7,19.9872022090862,13.7,20.9339,2.4,35.6,17.8710743801653,7,15
"65",0,20.9791749,52.167888,4.51,"Stacja Paliw ORLEN","https://www.google.com/search?tbm=lcl&ei=RPKVX5D1NvGxrgTqi4fAAw&q=52.16786+20.97918+&oq=52.16786+20.97918+&gs_l=psy-ab.3...33337.37672.0.38337.4.4.0.0.0.0.109.329.3j1.4.0....0...1c.1j2.64.psy-ab..0.0.0....0.mUaTo5GU9oU#rlfi=hd:;si:11682009106353103504;mv:[[52.168039977319026,20.97947343321462],[52.16768002268097,20.978886566785384]]","Jamesa Gordona Bennetta 2A, 02-159 Warszawa",6386.25,"Czynne całą dobę",4.2,948,780,1110.75,859.5,868.5,948,871.5,0.148443922489724,0.122137404580153,0.173928361714621,0.134586024662361,0.135995302407516,0.148443922489724,0.136465061655901,10,348.75,414.75,272.25,344.25,215.25,32.25,6386.25,205,1.8,41.8,19.4959907503908,3,38.7,18.6720761630776,13.3,20.979197,4.5,35.4,17.3537190082645,1,25
"66",0,21.0510216,52.2924851,4.53,"Circle K","https://www.google.com/search?tbm=lcl&ei=ie6VX5mOB5GMrwSEiIjYCg&q=52.29244+21.05097+&oq=52.29244+21.05097+&gs_l=psy-ab.3...44559.48322.0.48641.4.4.0.0.0.0.114.305.3j1.4.0....0...1c.1j2.64.psy-ab..0.0.0....0.VlO335w5YvY#rlfi=hd:;si:2249513603584679872;mv:[[52.292619977319035,21.051264257797953],[52.29226002268097,21.05067574220205]]","Ludwika Kondratowicza 49, 03-286 Warszawa",4995.75,"Czynne całą dobę",4.1,795.75,590.25,832.5,544.5,848.25,647.25,737.25,0.159285392583696,0.118150427863684,0.166641645398589,0.108992643747185,0.1697943251764,0.129560126107191,0.147575439123255,10,255.75,328.5,388.5,213,65.25,15,4995.75,292,5.1,39.5,20.7272374934862,6.7,37.1,20.6632419180412,16.6,21.050895,3.8,33.9,18.9842975206612,3,13
"67",0,20.9493065,52.1925002,4.54,"Stacja Paliw ORLEN","https://www.google.com/search?tbm=lcl&ei=7e2VX8HpHObKrgSFsg8&q=52.19243+20.94936+&oq=52.19243+20.94936+&gs_l=psy-ab.3...88367.92943.0.93277.4.4.0.0.0.0.199.406.3j1.4.0....0...1c.1j2.64.psy-ab..0.0.0....0.BLaQxbQ8-SE#rlfi=hd:;si:1684439877110177939;mv:[[52.192609977319016,20.94965359536528],[52.19225002268096,20.949066404634717]]","Łopuszańska 24A, 02-220 Warszawa",4747.5,"Czynne całą dobę",4,875.25,292.5,850.5,683.25,511.5,822,712.5,0.18436018957346,0.0616113744075829,0.17914691943128,0.14391785150079,0.107740916271722,0.173143759873618,0.150078988941548,10,344.25,348,288.75,85.5,122.25,0,4747.5,135,3.8,38.5,16.8906689682126,0.5,39.1,17.3252427999958,12,20.949533,1.3,31,15.5578512396694,6,27
"68",0,20.9502677,52.1913368,4.58,NA,"https://www.google.com/search?tbm=lcl&ei=v-2VX6ToNuzFrgTo642wAQ&q=52.19126+20.95035+&oq=52.19126+20.95035+&gs_l=psy-ab.3...39103.42968.0.43588.4.4.0.0.0.0.95.326.4.4.0....0...1c.1j2.64.psy-ab..0.0.0....0.QZDTfRO1LTs#rlfi=hd:;si:13654634411810679225;mv:[[52.19143997731902,20.950643587638535],[52.191080022680964,20.95005641236147]]","Łopuszańska 29, 02-200 Warszawa",4548,"Czynne całą dobę",4.2,842.25,330.75,916.5,717,435,653.25,653.25,0.185191292875989,0.0727242744063325,0.201517150395778,0.157651715039578,0.095646437994723,0.143634564643799,0.143634564643799,10,374.25,285.75,274.5,105.75,90,4.5,4548,135,4.1,38,17.7675416883794,0.4,38.4,17.2888453744632,11.3,20.950124,2.8,31.6,15.6669421487603,5,24
"69",0,21.0626886,52.2732783,4.59,"Stacja Paliw ORLEN","https://www.google.com/search?tbm=lcl&ei=pu2VX7_5CLmGwPAPyOemQA&q=Aleksandra+Gajkowicza+1&oq=Aleksandra+Gajkowicza+1&gs_l=psy-ab.3..0j38j0i22i30k1j38.24420.24420.0.24777.1.1.0.0.0.0.101.101.0j1.1.0....0...1c.2.64.psy-ab..0.1.100....0.5qE8DSErCyc#rlfi=hd:;si:12756457394482520973;mv:[[52.2727899,21.062820199999997],[52.272654599999996,21.062074499999998]]","Trocka 2, 03-563 Warszawa",4149.75,"Czynne całą dobę",4.4,607.5,420,778.5,372,780.75,603.75,587.25,0.146394361106091,0.10121091632026,0.187601662750768,0.0896439544550877,0.188143864088198,0.145490692210374,0.141514549069221,10,243.75,276,294,96.75,123.75,0,4149.75,323,6.3,35.3,20.2085265763418,7,34,17.9385261909012,11.7,21.062622,2.4,29.4,16.497520661157,5,20
"70",0,20.9409146,52.2825216,4.63,"Stacja Paliw ORLEN","https://www.google.com/search?tbm=lcl&ei=LO2VX7iMJIGrrgT12aDADQ&q=52.28246+20.94095+&oq=52.28246+20.94095+&gs_l=psy-ab.3...59423.64013.0.64563.4.4.0.0.0.0.112.402.1j3.4.0....0...1c.1j2.64.psy-ab..0.0.0....0.sZi4JfUyklY#rlfi=hd:;si:16033968100674258210;mv:[[52.28263997731903,20.94124419151926],[52.282280022680965,20.94065580848073]]","Aleja Władysława Reymonta 40, 01-842 Warszawa",5132.25,"Czynne całą dobę",4.3,646.5,766.5,968.25,659.25,724.5,702,665.25,0.125968142627503,0.149349700423791,0.1886599444688,0.128452433143358,0.14116615519509,0.136782113108286,0.129621511033173,10,354.75,289.5,397.5,128.25,105,14.25,5132.25,108,5.6,42.5,19.1128126628452,4.7,43.1,19.6478371113888,13.1,20.940947,2.9,35,17.4743801652893,5,18
"71",0,21.1039562,52.1190469,4.23,"Shell","https://www.google.com/search?tbm=lcl&ei=Gu2VX6D2JouOrwTDuajwAQ&q=52.11913+21.1039+&oq=52.11913+21.1039+&gs_l=psy-ab.3...13207.16953.0.17229.4.4.0.0.0.0.85.309.4.4.0....0...1c.1j2.64.psy-ab..0.0.0....0.n26mcbmT9ww#rlfi=hd:;si:7253917300634934755;mv:[[52.11930997731903,21.10419311230772],[52.11895002268096,21.10360688769228]]","Łukasza Drewny 2, 02-968 Warszawa",4234.5,"Czynne całą dobę",3.8,745.5,520.5,649.5,494.25,558.75,594.75,671.25,0.176053843428976,0.12291888062345,0.153382925965285,0.116719801629472,0.13195182430039,0.140453418349274,0.158519305703153,10,267.75,294.75,326.25,70.5,95.25,0,4234.5,448,12,44.3,27.418111646691,10.8,47.5,24.2685908675703,22.6,21.103863,5.8,42.5,24.2884297520661,0,3
"72",0,21.0302551,52.2744952,4.29,"Shell","https://www.google.com/search?tbm=lcl&ei=WOuVX46ADMGwrgSTwpuADw&q=Staniewicka+12&oq=Staniewicka+12&gs_l=psy-ab.3..0j38j0i22i30k1l3.16343.16343.0.16599.1.1.0.0.0.0.94.94.1.1.0....0...1c.2.64.psy-ab..0.1.93....0.8g0q_PJMAHs#rlfi=hd:;si:12262597828266405919;mv:[[52.2743602,21.0293213],[52.2739206,21.028776399999998]]","św. Jacka Odrowąża 7A, 03-310 Warszawa",3957.75,"Zamknięte ⋅ Otwarcie: pon., 06:00",3.6,625.5,291.75,583.5,519.75,583.5,516,837.75,0.158044343376919,0.073716126587076,0.147432253174152,0.131324616259238,0.147432253174152,0.13037710820542,0.211673299223043,10,308.25,267,285,191.25,0,0,3957.75,263,6.1,35.9,20.4301849921834,6.2,35.2,18.2117058471489,12.3,21.030249,3.2,30,16.4462809917355,3,21
"73",0,20.9884029,52.2219532,4.23,"Stacja Paliw ORLEN","https://www.google.com/search?tbm=lcl&ei=wOqVX7irDcmEwPAPn_mMkAY&q=Juliana+Ursyna+Niemcewicza+8&oq=Juliana+Ursyna+Niemcewicza+8&gs_l=psy-ab.3..38l5.27528.27528.0.28078.1.1.0.0.0.0.99.99.1.1.0....0...1c.2.64.psy-ab..0.1.98....0.VI3auYXvpEs#rlfi=hd:;si:10623452713249202655;mv:[[52.22237692029526,20.990860733482346],[52.2205135865476,20.986676487419114],null,[52.22144526319431,20.98876861045073],18]","Daleka 5, 02-020 Warszawa",4895.25,"Czynne całą dobę",4.1,735,473.25,960,613.5,732.75,767.25,613.5,0.150145549256933,0.0966753485521679,0.196108472498851,0.125325570706297,0.149685920024514,0.156733568254941,0.125325570706297,10,330.75,304.5,329.25,153,78.75,24.75,4895.25,199,8.2,33.7,17.5373599531006,1.2,33,14.3451335006247,4.1,20.988562,1.8,27.3,12.8223140495868,6,40
"74",0,20.9153717,52.2205592,4.14,"Circle K","https://www.google.com/search?tbm=lcl&ei=duqVX9LNNoHrrgTW44TIDQ&q=Po%C5%82czy%C5%84ska+28&oq=Po%C5%82czy%C5%84ska+28&gs_l=psy-ab.3..38j0i22i30k1l3.13588.14977.0.15681.2.2.0.0.0.0.84.156.2.2.0....0...1c.1j2.64.psy-ab..0.2.155...0j0i433k1j0i433i131k1.0.kbc2s7cTlmY#rlfi=hd:;si:4473544684363127456;mv:[[52.220456177319036,20.916222279419483],[52.22009622268097,20.915634720580517]]","Połczyńska 30, 01-337 Warszawa",4203,"Czynne całą dobę",4.3,672,521.25,776.25,512.25,521.25,617.25,582.75,0.1598857958601,0.124018558172734,0.184689507494647,0.121877230549607,0.124018558172734,0.146859386152748,0.13865096359743,10,227.25,304.5,305.25,135.75,74.25,9,4203,66,6.3,41.1,16.7595785565399,5.2,41.7,18.9078976932688,11.2,20.915495,2.9,33.6,16.2942148760331,2,23
"75",0,21.1653723,52.2085644,4.26,"MOYA Stacja Paliw","https://www.google.com/search?tbm=lcl&ei=_OmVX7yILbGGwPAPvJOQsAM&q=52.20856+21.16537+&oq=52.20856+21.16537+&gs_l=psy-ab.3...68057.71736.0.72253.4.4.0.0.0.0.111.324.3j1.4.0....0...1c.1j2.64.psy-ab..0.0.0....0.PPLOQ3gRjD4#rlfi=hd:;si:5758681387552339133;mv:[[52.20873997731904,21.165663701942695],[52.20838002268098,21.165076298057308]]","Rzeźbiarska 3, 04-633 Warszawa",4666.5,"Czynne całą dobę",4.3,685.5,510.75,875.25,496.5,761.25,685.5,651.75,0.146898103503697,0.109450337512054,0.187560270009643,0.106396657023465,0.163130826100932,0.146898103503697,0.139665702346512,10,319.5,358.5,340.5,97.5,57,0,4666.5,490,15.6,39.2,27.5110539343408,3.7,39,19.7826023959766,20,21.165366,2.5,34,21.5057851239669,2,9
"76",0,21.0196927,52.2696007,4.28,"Shell","https://www.google.com/search?tbm=lcl&ei=semVX5KfEZGNrwTf5ZawBQ&q=52.26941+21.01931+&oq=52.26941+21.01931+&gs_l=psy-ab.3...56439.74142.0.74674.21.20.1.0.0.0.145.1590.17j3.20.0....0...1c.1j2.64.psy-ab..2.0.0....0.Se8Z-BvjkUM#rlfi=hd:;si:17242524445503668057;mv:[[52.269589977319036,21.01960410491073],[52.26923002268098,21.019015895089264]]","Jagiellońska 78, 03-301 Warszawa",4496.25,"Czynne całą dobę",3.8,669,435.75,828.75,530.25,639,696.75,696.75,0.148790658882402,0.0969140950792327,0.184320266889074,0.117931609674729,0.142118432026689,0.154962468723937,0.154962468723937,10,299.25,295.5,289.5,120.75,108.75,9,4496.25,214,5.6,34.7,18.9229514069828,4.9,35.3,17.0624077360016,10.9,21.019661,2.8,28.6,15.3818181818182,3,22
"77",0,21.0228591,52.2836154,4.28,"Stacja Paliw ORLEN","https://www.google.com/search?tbm=lcl&ei=ieeVX6ORD-H1qwHGxbSwBw&q=52.28352+21.02288+&oq=52.28352+21.02288+&gs_l=psy-ab.3...28026.31912.0.32508.4.4.0.0.0.0.101.294.3j1.4.0....0...1c.1j2.64.psy-ab..0.0.0....0.17CY3Lqm-gg#rlfi=hd:;si:12175927048253848984;mv:[[52.283699977319024,21.023174198557044],[52.28334002268096,21.022585801442958]]","Władysława Syrokomli 4, 03-335 Warszawa",5123.25,"Czynne całą dobę",4.3,814.5,412.5,973.5,759,615,794.25,754.5,0.158981115502855,0.0805152979066023,0.190016103059581,0.148148148148148,0.120040989606207,0.155028546332894,0.147269799443712,10,369.75,336,324.75,107.25,143.25,3,5123.25,228,3.2,36.6,18.5260454663887,3.3,37.2,18.3843190575685,14.2,21.022802,2.3,31.6,16.6818181818182,1,20
"78",0,21.0505707,52.18807,4.29,"Stacja Paliw ORLEN","https://www.google.com/search?tbm=lcl&ei=2OKVX5vrDO2srgTd_qzoAw&q=52.18799+21.05057+&oq=52.18799+21.05057+&gs_l=psy-ab.3...21163.26474.0.27113.4.4.0.0.0.0.91.298.4.4.0....0...1c.1j2.64.psy-ab..0.0.0....0.L7tCFck1vyk#rlfi=hd:;si:14585614602373200541;mv:[[52.188169977319035,21.050863566046065],[52.18781002268097,21.05027643395393]]","Bolesława Limanowskiego 25, 02-943 Warszawa",5012.25,"Czynne całą dobę",4.2,828,411,972,612.75,641.25,796.5,750.75,0.165195271584618,0.081999102199611,0.193924884034116,0.122250486308544,0.127936555439174,0.15891066886129,0.149783031572647,10,340.5,319.5,316.5,145.5,120,14.25,5012.25,330,10.2,32.3,20.8714402032309,0.9,31.9,14.16507669855,11.3,21.050463,2.6,30.6,14.6900826446281,5,30
"79",0,21.0919448,52.154025,4.29,"Circle K","https://www.google.com/search?tbm=lcl&ei=2OKVX5vrDO2srgTd_qzoAw&q=Europejska+50%2C&oq=Europejska+50%2C&gs_l=psy-ab.3..0j38j0i22i30k1l8.10618.10618.0.11037.1.1.0.0.0.0.89.89.1.1.0....0...1c.2.64.psy-ab..0.1.89....0.kB-UxE_Z8-M#rlfi=hd:;si:1705482237648204181;mv:[[52.154486177319036,21.092152443865494],[52.15412622268097,21.091565756134496]]","Europejska 127, 02-964 Warszawa",4824,"Czynne całą dobę",3.6,808.5,508.5,747.75,629.25,730.5,770.25,629.25,0.167599502487562,0.105410447761194,0.155006218905473,0.130441542288557,0.151430348258706,0.15967039800995,0.130441542288557,10,327.75,345.75,351.75,125.25,51,7.5,4824,420,12.6,39.1,25.4508402813966,5.6,38.5,19.8650121268755,17.2,21.091863,0.9,37.1,19.6371900826446,1,10
"80",0,20.9704789,52.1864089,4.31,"Stacja Paliw ORLEN","https://www.google.com/search?tbm=lcl&ei=lOGVX8jKKIGHrwSs9qL4DQ&q=+52.18669+20.96971&oq=+52.18669+20.96971&gs_l=psy-ab.3...63619.67572.0.68096.4.4.0.0.0.0.118.361.3j1.4.0....0...1c.1j2.64.psy-ab..0.0.0....0.mRhLux14D3E#rlfi=hd:;si:18335724121889347171;mv:[[52.186869977319034,20.970003557463055],[52.18651002268097,20.969416442536946]]","Franciszka Hynka 2, 02-149 Warszawa",5172,"Czynne całą dobę",4.2,870.75,588,984,663.75,588,813.75,663.75,0.168358468677494,0.11368909512761,0.190255220417633,0.128335266821346,0.11368909512761,0.157337587006961,0.128335266821346,10,424.5,372.75,264.75,87,156.75,0,5172,202,5.2,38.4,18.2310317873893,0.6,38.8,17.7991923826371,11.7,20.970412,2.8,32,16.1487603305785,5,23
"81",0,20.9956927,52.2739715,4.35,"Stacja Paliw LOTOS","https://www.google.com/search?tbm=lcl&ei=md-VX4LhOYeEwPAP04m3kAY&q=52.27721+20.99428+&oq=52.27721+20.99428+&gs_l=psy-ab.3...27703.41133.0.41820.5.5.0.0.0.0.75.348.5.5.0....0...1c.1j2.64.psy-ab..0.0.0....0.rkUGb55xcIc#rlfi=hd:;si:4611911469687750918;mv:[[52.27738997731903,20.99457415666879],[52.277030022680975,20.99398584333122]]","Wybrzeże Gdyńskie, 01-531 Warszawa",5153.25,"Czynne całą dobę",4.1,744.75,654,910.5,648,867.75,706.5,621.75,0.144520448260806,0.12691020229952,0.176684616504148,0.125745888516955,0.168388880803377,0.137097947896958,0.120652015718236,10,330.75,373.5,343.5,117,117,9.75,5153.25,206,2.4,39.8,16.5328263418447,0,40.4,17.6106007790599,12.8,20.995694,5.7,32.7,15.9396694214876,0,27
"82",0,20.9226921,52.2811351,4.36,"Circle K","https://www.google.com/search?tbm=lcl&ei=Hd6VX8nEMoKHrwSh8ILgCg&q=52.28096+20.92268+&oq=52.28096+20.92268+&gs_l=psy-ab.3...58989.63807.0.64689.4.4.0.0.0.0.90.298.4.4.0....0...1c.1j2.64.psy-ab..0.0.0....0.bVBr1G-p7W4#rlfi=hd:;si:2179031547926333423;mv:[[52.281139977319036,20.922974181560882],[52.28078002268097,20.922385818439107]]","Josepha Conrada 29B, 01-922 Warszawa",4481.25,"Czynne całą dobę",4.2,623.25,500.25,895.5,606.75,637.5,623.25,594.75,0.13907949790795,0.11163179916318,0.199832635983264,0.135397489539749,0.142259414225941,0.13907949790795,0.132719665271967,10,256.5,296.25,328.5,142.5,78.75,20.25,4481.25,85,6.7,44.1,19.9225052110474,5.4,44.7,20.747964679819,14.4,20.922564,2.3,36.6,18.4388429752066,4,17
"83",0,21.228583,52.2239011,4.39,"Stacja Paliw ORLEN","https://www.google.com/search?tbm=lcl&ei=0dyVX4y3H-3ErgTxgKj4Cw&q=52.2239+21.22858&oq=52.2239+21.22858&gs_l=psy-ab.3...89949.100240.0.100743.7.7.0.0.0.0.104.512.6j1.7.0....0...1c.1j2.64.psy-ab..0.1.77...0i30k1.0.S-fmjry2QAo#rlfi=hd:;si:2919660054933867004;mv:[[52.22407997731904,21.22887380339368],[52.22372002268098,21.22828619660632]]","Trakt Brzeski 41, 05-077 Warszawa",5235.75,"Czynne całą dobę",4.3,796.5,554.25,930.75,732.75,792,732,697.5,0.152127202406532,0.105858759490044,0.177768228047558,0.139951296375877,0.151267726686721,0.139808050422576,0.133218736570692,10,426,297,305.25,78.75,216,0,5235.75,559,9.4,42.4,30.7148514851485,0.6,42.6,22.1914187919322,23.1,21.228587,4,37.1,24.8446280991736,1,4
"84",0,21.2450249,52.2224168,4.4,"Stacja Paliw ORLEN","https://www.google.com/search?tbm=lcl&ei=tNuVX_S8G-PjrgS43J3wCg&q=52.22346+21.24484+&oq=52.22346+21.24484+&gs_l=psy-ab.3...13003.19246.0.20174.4.4.0.0.0.0.83.281.4.4.0....0...1c.1j2.64.psy-ab..0.0.0....0.YYbSz3asfo0#rlfi=hd:;si:8992540569010355028;mv:[[52.22417637611693,21.247034046974186],[52.222313117874485,21.242849800910953],null,[52.22324475676842,21.24494192394257],18]","Trakt Brzeski 104/114, 05-077 Warszawa",4481.25,"Czynne całą dobę",4.3,678,482.25,916.5,501.75,732.75,613.5,556.5,0.151297071129707,0.107615062761506,0.204518828451883,0.111966527196653,0.163514644351464,0.136903765690377,0.12418410041841,10,269.25,303,321.75,129.75,109.5,1.5,4481.25,576,6.8,45.1,33.2569339499739,0.4,45.2,24.5230998603572,25.8,21.245028,3.5,39.8,27.4851239669421,1,1
"85",0,20.9277212,52.2846894,4.43,"Shell","https://www.google.com/search?tbm=lcl&ei=_dSVX6LOK6uJrwTfjrawBA&q=Sokratesa+11a&oq=Sokratesa+11a&gs_l=psy-ab.3..0j38j0i22i30k1l2.19055.19055.0.19317.1.1.0.0.0.0.91.91.1.1.0....0...1c.2.64.psy-ab..0.1.90....0.E3Kj3-6pFJ8#rlfi=hd:;si:4384288318066835668;mv:[[52.2854525,20.9283045],[52.2848812,20.927398099999998]]","Sokratesa 11, 01-001 Warszawa",4968.75,"Czynne całą dobę",4.3,955.5,525.75,831.75,459,704.25,746.25,746.25,0.192301886792453,0.105811320754717,0.167396226415094,0.092377358490566,0.141735849056604,0.150188679245283,0.150188679245283,10,282,312.75,369.75,159.75,117.75,6.75,4968.75,85,6.4,43.9,19.9984269150599,3.9,44.5,20.4996398685468,14.2,20.927845,1.5,36.4,18.2570247933884,6,15
"86",0,21.0283317,52.3550197,4.44,"Shell","https://www.google.com/search?tbm=lcl&ei=g9OVX4zDD8uHwPAPhNa76Ag&q=P%C5%82ochoci%C5%84ska+262%2C&oq=P%C5%82ochoci%C5%84ska+262%2C&gs_l=psy-ab.3..0j38j0i22i30k1l3.21696.21696.0.22358.1.1.0.0.0.0.100.100.0j1.1.0....0...1c.2.64.psy-ab..0.1.100....0.s9-OKdka7vg#rlfi=hd:;si:6957704840376844260;mv:[[52.364651177319026,21.028556237320615],[52.36429122268097,21.027966762679384]]","Płochocińska 201, 03-044 Warszawa",4677,"Czynne całą dobę",3.9,822,418.5,822,712.5,706.5,490.5,705,0.175753688261706,0.0894804361770366,0.175753688261706,0.152341244387428,0.151058370750481,0.104874919820398,0.150737652341244,10,308.25,321,353.25,72.75,84.75,3.75,4677,223,11.4,46.2,26.3136724856696,10.7,46.8,27.0910108879393,24.5,21.02833,1.8,41.6,25.6661157024793,1,2
"87",0,21.0080699,52.285134,4.44,"Stacja Paliw ORLEN","https://www.google.com/search?tbm=lcl&ei=IdOVX-aROaeyrgSkuqiYBA&q=Jagiello%C5%84ska+86&oq=Jagiello%C5%84ska+86&gs_l=psy-ab.3..0l3j38l2j0i22i30k1l3.11093.11093.0.11799.1.1.0.0.0.0.126.126.0j1.1.0....0...1c.2.64.psy-ab..0.1.126....0.ASHxeDABCDE#rlfi=hd:;si:5118667093937099427;mv:[[52.277617899999996,21.013389699999998],[52.27748700000001,21.0131294]]","Jagiellońska 86, 03-215 Warszawa",4641,"Czynne całą dobę",4.2,906,204.75,882,655.5,471,808.5,713.25,0.195216548157725,0.0441176470588235,0.190045248868778,0.141241111829347,0.101486748545572,0.17420814479638,0.153684550743374,10,346.5,384,235.5,69,122.25,3.75,4641,210,2.9,37.6,16.95971208963,2.1,38.2,17.4397000304484,13.9,21.008072,3.7,31.4,15.8942148760331,3,27
"88",0,20.9644958,52.2240965,4.45,NA,"https://www.google.com/search?tbm=lcl&ei=09KVX-yiKuaprgSPrJj4Ag&q=Ignacego+Pr%C4%85dzy%C5%84skiego+19&oq=Ignacego+Pr%C4%85dzy%C5%84skiego+19&gs_l=psy-ab.3..38l5.19337.19337.0.19680.1.1.0.0.0.0.136.136.0j1.1.0....0...1c.1.64.psy-ab..0.1.135....0.1cg7GjF_kh8#rlfi=hd:;si:605183551395105827;mv:[[52.22523382742365,20.964723615082143],[52.22337061355277,20.96053936901891],null,[52.224302230260825,20.962631492050527],18]","Ignacego Prądzyńskiego 16, 01-222 Warszawa",3840.75,"Czynne całą dobę",4.6,671.25,238.5,636,611.25,372,700.5,611.25,0.17477055262644,0.0620972466315173,0.165592657684046,0.159148603788323,0.0968560827963288,0.182386252685022,0.159148603788323,10,261.75,344.25,114.75,91.5,152.25,5.25,3840.75,141,6.4,37.3,17.2902683689422,2.7,37.9,16.944881513602,7.2,20.964499,3.4,29.8,14.8471074380165,5,21
"89",0,20.8815831,52.2163844,4.46,"Stacja Paliw ORLEN","https://www.google.com/search?tbm=lcl&ei=J9KVX-6HKMOrrgTtu7eIBw&q=+52.21594+20.88186&oq=+52.21594+20.88186&gs_l=psy-ab.3...16609.21203.0.21522.4.4.0.0.0.0.101.340.3j1.4.0....0...1c.1j2.64.psy-ab..0.0.0....0.tB1XIM20n5o#rlfi=hd:;si:6708898453404455130;mv:[[52.21611997731903,20.8821537507389],[52.21576002268097,20.8815662492611]]","Połczyńska 119, 01-304 Warszawa",4638,"Czynne całą dobę",4.3,783,258.75,913.5,714,464.25,726,778.5,0.16882276843467,0.0557891332470893,0.196959896507115,0.153945666235446,0.10009702457956,0.15653298835705,0.167852522639069,10,336.75,346.5,293.25,66,123,0,4638,32,3.8,43.7,16.8193688118812,3.1,44.3,20.4572598511177,13.8,20.88158,4.1,36.1,17.9123966942149,2,14
"90",0,20.9605431,52.193804,4.47,"Circle K","https://www.google.com/search?tbm=lcl&ei=v9GVX5f9FajMrgT4tKKABw&q=52.19371+20.96054+&oq=52.19371+20.96054+&gs_l=psy-ab.3...58798.63700.0.64031.4.4.0.0.0.0.251.564.2j1j1.4.0....0...1c.1j2.64.psy-ab..0.0.0....0.DUgdtFYqK9o#rlfi=hd:;si:13994252716269208282;mv:[[52.19388997731903,20.96083360381908],[52.19353002268097,20.960246396180917]]","aleja Krakowska 269, 02-133 Warszawa",5177.25,"Czynne całą dobę",4.2,833.25,429,1143.75,606,770.25,701.25,693.75,0.16094451687672,0.0828625235404896,0.220918441257424,0.117050557728524,0.148775894538606,0.135448355787339,0.133999710270897,10,360,333.75,319.5,157.5,109.5,20.25,5177.25,177,4.8,37.2,17.5954794163627,2.1,37.6,16.9204245981332,10.5,20.960454,2.2,30.8,15.3140495867769,4,29
"91",0,20.9315267,52.3066029,4.44,"Stacja Paliw LOTOS","https://www.google.com/search?tbm=lcl&ei=GdGVX9qkKISwrgSTtbGADQ&q=Pu%C5%82kowa+58&oq=Pu%C5%82kowa+58&gs_l=psy-ab.3..0j38l2.14088.14088.0.14585.1.1.0.0.0.0.100.100.0j1.1.0....0...1c.2.64.psy-ab..0.1.99....0.BVvUwWNsBT8#rlfi=hd:;si:13108519190680461811;mv:[[52.30809097731903,20.930694260619912],[52.30773102268097,20.930105539380087]]","Pułkowa 01-971, 01-969 Warszawa",3292.5,"Czynne całą dobę",4.2,416.25,417.75,717,312,717,395.25,317.25,0.126423690205011,0.126879271070615,0.217767653758542,0.0947608200455581,0.217767653758542,0.12004555808656,0.0963553530751708,10,204.75,204,282.75,62.25,63.75,0,3292.5,73,5.2,41,19.5398352006253,0,41.6,18.8136786955472,14.2,20.931531,2.8,33.5,17.2776859504132,5,20
"92",0,20.9513874,52.3440437,4.44,"Stacja Paliw LOTOS","https://www.google.com/search?tbm=lcl&ei=ptCVX-CIMsWIrwSLq6bADw&q=+52.34915+20.94648&oq=+52.34915+20.94648&gs_l=psy-ab.3...14037.18995.0.20042.4.4.0.0.0.0.138.392.2j2.4.0....0...1c.1j2.64.psy-ab..0.0.0....0.4zRQYp9iLls#rlfi=hd:;si:17613864011826241239;mv:[[52.34932997731903,20.946774635155236],[52.348970022680966,20.94618536484476]]","Modlińska 345, 03-152 Warszawa",5574,"Czynne całą dobę",4.1,819,836.25,959.25,638.25,862.5,820.5,638.25,0.146932185145318,0.15002691065662,0.172093649085038,0.114504843918192,0.154736275565124,0.147201291711518,0.114504843918192,10,376.5,372.75,390.75,94.5,153.75,8.25,5574,93,12.5,48.3,26.3105523710266,0,48.9,25.4725471709103,22.9,20.95139,7.6,41.5,24.4099173553719,0,2
"93",0,20.8933773,52.1996783,4.45,"Stacja Paliw ORLEN","https://www.google.com/search?tbm=lcl&ei=H9CVX8TJDYqGwPAPyKCJiAI&q=+52.19989+20.89365&oq=+52.19989+20.89365&gs_l=psy-ab.3...49425.54287.0.54906.4.4.0.0.0.0.90.297.4.4.0....0...1c.1j2.64.psy-ab..0.0.0....0.FxRIP_8VTog#rlfi=hd:;si:5252600950199428994;mv:[[52.200069977319025,20.893943644643993],[52.19971002268096,20.893356355355994]]","Traktorzystów 8, 02-495 Warszawa",5101.5,"Czynne całą dobę",4.2,773.25,451.5,951.75,684,740.25,773.25,727.5,0.151573066745075,0.088503381358424,0.186562775654219,0.134078212290503,0.145104381064393,0.151573066745075,0.142605116142311,10,304.5,325.5,381.75,149.25,117.75,0,5101.5,50,4.2,43.4,16.9761952840021,5.4,44,20.4328318091618,15.6,20.893537,4.6,35.9,18.1272727272727,2,15
"94",0,20.9874918,52.2280456,4.46,"Circle K","https://www.google.com/search?tbm=lcl&ei=fM-VX4OtG8iprgSlhrEw&q=Towarowa+20&oq=Towarowa+20&gs_l=psy-ab.3..0l10.18859.18859.0.19141.1.1.0.0.0.0.77.77.1.1.0....0...1c.2.64.psy-ab..0.1.76....0.3WdQyGOYjVk#rlfi=hd:;si:14294039890769423710;mv:[[52.22781027731902,20.98793652807777],[52.227450322680966,20.987348871922222]]","Towarowa 20, 00-839 Warszawa",5795.25,"Czynne całą dobę",4.2,945.75,453,1177.5,656.25,832.5,934.5,795.75,0.163193995082179,0.0781674647340494,0.203183641775592,0.113239290798499,0.143652128898667,0.161252750097062,0.137310728613951,10,345.75,321.75,334.5,281.25,108.75,45,5795.25,199,7.8,35.1,17.6309861907243,3.9,35.7,15.7304652310406,4,20.987372,1.9,27.6,13.5297520661157,5,30
"95",0,21.0361982,52.2345415,4.47,"Stacja Paliw ORLEN","https://www.google.com/search?tbm=lcl&ei=uc6VX8CYM4qGwPAPyKCJiAI&q=+52.23451+21.03631&oq=+52.23451+21.03631&gs_l=psy-ab.3...32581.38150.0.39059.4.4.0.0.0.0.90.312.4.4.0....0...1c.1j2.64.psy-ab..0.0.0....0.5oOHKGShZI0#rlfi=hd:;si:7007707967585268828;mv:[[52.234689977319036,21.036603873616187],[52.23433002268097,21.03601612638382]]","Aleja 3 Maja 1A, 00-411 Warszawa",4524,"Czynne całą dobę",4,585,610.5,901.5,427.5,939,530.25,530.25,0.129310344827586,0.134946949602122,0.199270557029178,0.0944960212201592,0.207559681697613,0.117208222811671,0.117208222811671,10,152.25,194.25,264,269.25,85.5,168.75,4524,290,9.3,30.6,19.2627182126107,1.3,30.6,13.7924388144011,6.4,21.036153,4.1,24.3,13.1801652892562,3,32
"96",0,20.977436,52.3148505,4.45,"Circle K","https://www.google.com/search?tbm=lcl&ei=k86VX7-IB-LrrgSv35mgAg&q=+52.31485+20.97744&oq=+52.31485+20.97744&gs_l=psy-ab.3...32987.37549.0.37886.4.4.0.0.0.0.115.330.3j1.4.0....0...1c.1j2.64.psy-ab..0.0.0....0.wC76gwcmIvk#rlfi=hd:;si:973350301371014746;mv:[[52.315029977319035,20.97773440676759],[52.31467002268097,20.977145593232407]]","ul, Modlińska 144, 03-186 Warszawa",4866,"Czynne całą dobę",4.3,783.75,548.25,783.75,638.25,755.25,699,657.75,0.161066584463625,0.11266954377312,0.161066584463625,0.13116522811344,0.155209617755857,0.143649815043157,0.135172626387176,10,295.5,304.5,371.25,153,94.5,1.5,4866,148,7.3,43.1,21.0782764460657,0.5,43.7,20.5876815094023,17.3,20.977219,3.9,36.3,19.2198347107438,2,16
"97",0,21.1094401,52.2330908,4.49,"Shell","https://www.google.com/search?tbm=lcl&ei=Vc6VX62LDo-MrwTM8L6YDw&q=Ostrobramska+71&oq=Ostrobramska+71&gs_l=psy-ab.3..0j38j0i22i30k1l2.5639.5996.0.6148.2.2.0.0.0.0.90.177.2.2.0....0...1c.1.64.psy-ab..0.2.177...0i67k1.0.vKL8NRDctOs#rlfi=hd:;si:15101909132453405639;mv:[[52.23267397731903,21.114763660269887],[52.23231402268097,21.114175939730117]]","Ostrobramska 75, 04-175 Warszawa",5139,"Czynne całą dobę",3.9,898.5,494.25,869.25,602.25,831.75,652.5,790.5,0.174839462930531,0.0961762988908348,0.169147694103911,0.117192060712201,0.161850554582604,0.126970227670753,0.153823701109165,10,280.5,324,383.25,212.25,80.25,8.25,5139,408,13.9,33.3,23.2102364512767,1.4,33.1,15.7435664563275,13.6,21.109451,3.5,31.2,17.1859504132231,3,13
"98",0,20.8594698,52.1927556,4.49,"Stacja Paliw ORLEN","https://www.google.com/search?tbm=lcl&ei=z8eVX7jtMM-FrwSo8YVA&q=52.19277+20.85954+&oq=52.19277+20.85954+&gs_l=psy-ab.3...35255.39840.0.40097.4.4.0.0.0.0.83.270.4.4.0....0...1c.1j2.64.psy-ab..0.0.0....0.nX0OhFZp-U4#rlfi=hd:;si:15506346946433989858;mv:[[52.192949977319024,20.859833597610756],[52.19259002268097,20.85924640238924]]","Orląt Lwowskich 69, 02-495 Warszawa",3891,"Czynne całą dobę",4.2,627.75,404.25,627.75,407.25,671.25,573.75,579,0.161333847340015,0.103893600616808,0.161333847340015,0.104664610639938,0.172513492675405,0.14745566692367,0.148804934464148,10,273,242.25,252,94.5,90.75,4.5,3891,23,7.2,47.5,19.562464174049,6.6,48.1,23.8479237319278,19.8,20.859375,6.2,40,21.4636363636364,0,3
"99",0,21.1320354,52.1853916,4.5,"Circle K","https://www.google.com/search?tbm=lcl&ei=xMeVX8LGKfLhrgTd_I6QAQ&q=Wa%C5%82+Miedzeszy%C5%84ski+324&oq=Wa%C5%82+Miedzeszy%C5%84ski+324&gs_l=psy-ab.3..38j0i22i30k1l3.9642.9642.0.10257.1.1.0.0.0.0.100.100.0j1.1.0....0...1c.2.64.psy-ab..0.1.100....0.LxMywyJz-QE#rlfi=hd:;si:9272330603974913414;mv:[[52.18555767731903,21.132342648799494],[52.18519772268097,21.131755551200502]]","ul, Wał Miedzeszyński 324, 03-994 Warszawa",4983,"Czynne całą dobę",4.3,861.75,708.75,881.25,546,708.75,638.25,638.25,0.172937989163155,0.142233594220349,0.176851294400963,0.109572546658639,0.142233594220349,0.128085490668272,0.128085490668272,10,351.75,394.5,303,96.75,119.25,0,4983,461,18.5,34.9,25.7695284002084,6,36.7,18.3088421196308,16.4,21.132127,4.2,35.3,19.4371900826446,2,6
"100",0,21.0460923,52.2125511,4.51,"Stacja Paliw ORLEN","https://www.google.com/search?tbm=lcl&ei=S8eVX--cDcSwrgSQyphQ&q=Czerniakowska+147&oq=Czerniakowska+147&gs_l=psy-ab.3..0j38j0i22i30k1l3.7750.8535.0.8697.2.2.0.0.0.0.88.166.2.2.0....0...1c.1.64.psy-ab..0.2.165...0i67k1.0.MzBG0n37uVQ#rlfi=hd:;si:16701391355604567138;mv:[[52.2125063,21.0466959],[52.2123419,21.0464721]]","Czerniakowska 149, 00-453 Warszawa",6139.5,"Czynne całą dobę",4.2,980.25,538.5,1170,769.5,840,976.5,864.75,0.159662838993403,0.0877107256291229,0.190569264598094,0.125335939408747,0.136818959198632,0.159052040068409,0.140850232103591,10,388.5,380.25,358.5,232.5,123.75,42,6139.5,302,12.4,32.9,20.8343212610735,0.2,29.3,13.8136855201957,9.5,21.046039,4,28,14.0446280991736,3,28
"101",0,21.0181734,52.1283917,4.53,"Stacja Paliw ORLEN","https://www.google.com/search?tbm=lcl&ei=3MaVX9TtHoj2qwHBybGwDQ&q=52.10768+21.01733+&oq=52.10768+21.01733+&gs_l=psy-ab.3...21174.25030.0.25263.4.4.0.0.0.0.90.306.4.4.0....0...1c.1j2.64.psy-ab..0.0.0....0.4qNhDJWZ7m0#rlfi=hd:;si:8523428544245763504;mv:[[52.10785997731903,21.017623037037357],[52.107500022680966,21.017036962962642]]","Puławska 554, 02-844 Warszawa",5460,"Czynne całą dobę",4.2,822,468.75,1040.25,624.75,1040.25,732,732,0.150549450549451,0.0858516483516484,0.190521978021978,0.114423076923077,0.190521978021978,0.134065934065934,0.134065934065934,10,357.75,374.25,369.75,149.25,129,0.75,5460,311,2.2,43.1,20.4539310838979,0,39.5,20.1788176984893,17.6,21.018173,2.4,37.7,19.7628099173554,2,13
"102",0,20.931052,52.2230347,4.54,"Shell","https://www.google.com/search?tbm=lcl&ei=JMaVX_70GeT2qwGKmpLgDQ&q=+52.22303+20.93105&oq=+52.22303+20.93105&gs_l=psy-ab.3...9581.11107.0.11367.3.3.0.0.0.0.82.217.3.3.0....0...1c.1j2.64.psy-ab..0.0.0....0._ZUU4WnHcoo#rlfi=hd:;si:17795724557959505232;mv:[[52.22320997731902,20.931343797637503],[52.22285002268096,20.9307562023625]]","Wolska 195, 01-258 Warszawa",4605.75,"Czynne całą dobę",3.5,866.25,399.75,835.5,602.25,584.25,609.75,708,0.188080117244748,0.08679368181078,0.181403680182381,0.130760462465397,0.126852304184986,0.132388861748901,0.153720892362807,10,252,304.5,338.25,145.5,110.25,3,4605.75,95,6.3,39.3,16.7830608389786,3.4,39.9,17.8297223942967,9.4,20.930838,3,31.8,15.3942148760331,5,24
"103",0,21.0594601,52.2240961,4.58,"Stacja Paliw ORLEN","https://www.google.com/search?tbm=lcl&ei=zcWVX5uxL8-k3APM2IqgCw&q=Wersalska+3&oq=Wersalska+3&gs_l=psy-ab.3..0l3j38j0i22i30k1l6.8454.8454.0.8677.1.1.0.0.0.0.168.168.0j1.1.0....0...1c.1.64.psy-ab..0.1.168....0.2kUlnkuRWMs#rlfi=hd:;si:7279287976659048079;mv:[[52.22412987731903,21.05975880372384],[52.223769922680965,21.05917119627616]]","Wersalska 3, 03-955 Warszawa",5998.5,"Czynne całą dobę",4.3,909,634.5,1137.75,734.25,939.75,909,734.25,0.151537884471118,0.105776444111028,0.189672418104526,0.12240560140035,0.15666416604151,0.151537884471118,0.12240560140035,10,395.25,380.25,384.75,182.25,137.25,27.75,5998.5,345,12.4,30.4,19.7547257686295,0.9,28.6,13.1323168106842,8.4,21.05949,3.5,27.3,13.4181818181818,7,32
"104",0,20.9502457,52.211315,4.59,"Shell","https://www.google.com/search?tbm=lcl&ei=tbyVX-rwCbCxrgSJ5pzQDQ&q=+52.21115+20.95035&oq=+52.21115+20.95035&gs_l=psy-ab.3...43407.47491.0.47783.4.4.0.0.0.0.159.438.2j2.4.0....0...1c.1j2.64.psy-ab..0.0.0....0.jhDYp6P1yIE#rlfi=hd:;si:13018759736690794819;mv:[[52.211329977319025,20.95064371906525],[52.21097002268096,20.950056280934753]]","al. Jerozolimskie 152, 01-001 Warszawa",4835.25,"Czynne całą dobę",3.9,948.75,498.75,843.75,568.5,582,696.75,696.75,0.196215293935164,0.10314875135722,0.174499767333644,0.117574065456802,0.12036606173414,0.144098030091515,0.144098030091515,10,342.75,300.75,322.5,147.75,95.25,8.25,4835.25,136,4.5,36.9,16.3817059666493,1.6,37.5,16.3992125405542,9.1,20.950353,4,29.4,14.9603305785124,2,23
"105",0,20.9382581,52.1941209,4.63,"Shell","https://www.google.com/search?tbm=lcl&ei=5ruVX4b2DtfergTXgqa4Dw&q=%C5%81opusza%C5%84ska+45&oq=%C5%81opusza%C5%84ska+45&gs_l=psy-ab.3..0l2j38j0i22i30k1l3j38.7569.7695.0.7931.2.2.0.0.0.0.124.213.1j1.2.0....0...1c.1.64.psy-ab..0.2.211....0.r8xYWPxnmSg#rlfi=hd:;si:919335979219882472;mv:[[52.192580877319024,20.945469595173094],[52.19222092268096,20.944882404826902]]","Łopuszańska 45B, 02-232 Warszawa",4392.75,"Czynne całą dobę",3.8,945,204.75,766.5,732.75,336.75,674.25,732.75,0.215127198224347,0.0466108929486085,0.17449206078197,0.166808946559672,0.0766604063513744,0.153491548574355,0.166808946559672,10,336,318,239.25,88.5,115.5,4.5,4392.75,112,2.2,38.4,15.9098325951016,0,39,17.0103508919291,10.6,20.93826,2.5,30.9,15.304132231405,5,25
"106",0,21.0816626,52.2861117,4.23,NA,"https://www.google.com/search?tbm=lcl&ei=MruVX5zOC-H4qwG2joKgAQ&q=52.28622+21.08166+&oq=52.28622+21.08166+&gs_l=psy-ab.3...18748.24824.0.25125.6.6.0.0.0.0.81.423.6.6.0....0...1c.1j2.64.psy-ab..0.0.0....0.uMDtCfkWG5I#rlfi=hd:;si:8757633606118086090;mv:[[52.28639997731903,21.08195421648544],[52.286040022680965,21.081365783514563]]","Łodygowa 20B, 03-687 Warszawa",5674.5,"Czynne całą dobę",4.4,897.75,627,989.25,692.25,806.25,969.75,692.25,0.158207771609833,0.110494316679884,0.174332540311922,0.121993127147766,0.142083002907745,0.170896114195083,0.121993127147766,10,342.75,396.75,369,119.25,131.25,24,5674.5,344,5.6,39.6,21.8330901511204,7,37.8,20.2330921957519,16,21.081478,2.1,33.7,19.3338842975207,3,13
"107",0,21.1489958,52.2253616,4.29,"Myjnia ORLEN","https://www.google.com/search?tbm=lcl&ei=ALqVX6uoH6etrgTKnaXABw&q=52.22587+21.14888&oq=52.22587+21.14888&gs_l=psy-ab.3...18958.24967.0.25510.5.5.0.0.0.0.87.372.5.5.0....0...1c.1j2.64.psy-ab..0.0.0....0.yH_cxPzdqe8#rlfi=hd:;si:10869093498430047429;mv:[[52.22604997731903,21.149173816428867],[52.22569002268097,21.148586183571133]]","Wydawnicza 72, 04-601 Warszawa",3256.5,"Czynne całą dobę",4,448.5,318,713.25,314.25,744,448.5,270,0.137724550898204,0.0976508521418701,0.219023491478581,0.0964993090741594,0.228466144633809,0.137724550898204,0.0829111008751727,30,318,213.75,118.5,42,153,0,3256.5,471,12.1,35.7,24.0129396821261,0.4,35.4,16.3587250506599,16.4,21.148673,3.3,30.4,18.3330578512397,3,15
"108",0,21.1190137,52.2685037,4.23,"MOYA Stacja Paliw","https://www.google.com/search?tbm=lcl&ei=RbmVX7jHKbqHwPAP1v6-OA&q=52.26851+21.11927&oq=52.26851+21.11927&gs_l=psy-ab.3...2102.5103.0.5722.4.4.0.0.0.0.214.558.2j0j2.4.0....0...1c.1j2.64.psy-ab..0.0.0....0.A5gBiC8NFbw#rlfi=hd:;si:16165744252560994356;mv:[[52.26868997731903,21.119564098940174],[52.26833002268096,21.11897590105983]]","Chełmżyńska 247, 04-458 Warszawa",4696.5,"Czynne całą dobę",3.6,850.5,554.25,818.25,580.5,554.25,672,666.75,0.181092302778665,0.11801341424465,0.174225487064836,0.12360268284893,0.11801341424465,0.143085276269562,0.141967422548706,10,392.25,342.75,252.75,20.25,164.25,0,4696.5,411,10.4,38.5,24.2864382490881,3.9,36.8,18.87888873723,20.1,21.119406,7.4,32.2,19.6867768595041,0,9
"109",0,21.0169127,52.1521077,4.14,"Circle K","https://www.google.com/search?tbm=lcl&ei=7biVX5n-G6morgSDp6Jw&q=Pu%C5%82awska+274C&oq=Pu%C5%82awska+274C&gs_l=psy-ab.3..38j0i22i30k1.25374.25374.0.25846.1.1.0.0.0.0.121.121.0j1.1.0....0...1c.2.64.psy-ab..0.1.121....0.fpdeKRtwDzM#rlfi=hd:;si:10965281767906136087;mv:[[52.151991977319035,21.017112227430992],[52.15163202268097,21.016525572569005]]","ul, Puławska 274, 02-819 Warszawa",4409.25,"Czynne całą dobę",4.2,681,426.75,900,540.75,617.25,621.75,621.75,0.154448035380167,0.0967851675455009,0.204116346317401,0.122639904745705,0.139989794182684,0.141010375914271,0.141010375914271,10,297.75,304.5,288,102,125.25,7.5,4409.25,291,2.4,41,20.0288170922355,0.2,39.5,19.0983773085686,15.5,21.017053,3,37.7,18.6396694214876,4,17
"110",0,21.0187354,52.1405319,4.26,"Shell","https://www.google.com/search?tbm=lcl&ei=8beVX4GdFuyxrgTzsYa4Cg&q=52.14051+21.01877&oq=52.14051+21.01877&gs_l=psy-ab.3...34888.40370.0.40768.5.5.0.0.0.0.93.368.5.5.0....0...1c.1j2.64.psy-ab..0.0.0....0.8BYIo8jDImY#rlfi=hd:;si:4300524131806189633;mv:[[52.140689977319035,21.01906325299115],[52.14033002268097,21.01847674700885]]","Puławska 437, 02-801 Warszawa",3720.75,"Czynne całą dobę",4,513.75,407.25,661.5,481.5,661.5,513.75,481.5,0.138077000604717,0.109453739165491,0.177786736545051,0.129409393267486,0.177786736545051,0.138077000604717,0.129409393267486,10,201.75,250.5,296.25,99,83.25,5.25,3720.75,305,0.3,41.4,20.7420466388744,0.6,40.3,19.616066272587,15.9,21.018476,2.7,38.5,19.1140495867769,4,16
"111",0,21.0237812,52.1424417,4.28,"Circle K Express","https://www.google.com/search?tbm=lcl&ei=vbeVX7OyJNDLrgSVnYPADQ&q=52.14244+21.02378&oq=52.14244+21.02378&gs_l=psy-ab.3...43598.50486.0.50922.5.5.0.0.0.0.92.381.5.5.0....0...1c.1j2.64.psy-ab..0.0.0....0.D6-frm1MiN0#rlfi=hd:;si:10809245599935125594;mv:[[52.14261997731903,21.024073265699478],[52.142260022680965,21.023486734300523]]","ul, Puławska 427, 02-884 Warszawa",4536.75,"Czynne całą dobę",4.1,657,422.25,916.5,559.5,786,597.75,597.75,0.144817325177715,0.0930732352454951,0.202016862291288,0.123326169614812,0.173251777153248,0.13175731525872,0.13175731525872,10,298.5,300.75,357.75,99.75,74.25,0,4536.75,305,2.9,42,20.7308298593017,2.1,40,19.9874888443245,17,21.023816,3.6,38.2,19.5338842975207,4,13
"112",0,21.1304178,52.2335032,4.28,"Shell","https://www.google.com/search?tbm=lcl&ei=K7eVX_vkN8T6qwGx-oHgAg&q=P%C5%82owiecka+17&oq=P%C5%82owiecka+17&gs_l=psy-ab.3..0l2j38j0i22i30k1l7.11803.11803.0.12547.1.1.0.0.0.0.112.112.0j1.1.0....0...1c.2.64.psy-ab..0.1.112....0.TaBiRWO_yJI#rlfi=hd:;si:641363832910273218;mv:[[52.23387997731904,21.129522868253638],[52.23352002268098,21.128935131746356]]","Korkowa 2, 04-501 Warszawa",3107.25,"Otwarte ⋅ Zamknięcie: 22:00",3.8,771,199.5,474.75,373.5,280.5,492,516,0.248129374849143,0.0642046825971518,0.152787834902245,0.120202751629254,0.0902727492155443,0.158339367608014,0.166063239198648,10,176.25,208.5,258,138.75,0,0,3107.25,456,11.1,32.9,21.9350801198541,0.4,33,14.4701117142467,13.6,21.130241,2.9,28.4,16.1471074380165,6,19
"113",0,21.0818947,52.2357939,4.29,"Stacja Paliw ORLEN","https://www.google.com/search?tbm=lcl&ei=lbaVX5XfBOyhrgSgz6fwDA&q=52.23657+21.08749&oq=52.23657+21.08749&gs_l=psy-ab.3...97331.102632.0.103136.5.5.0.0.0.0.119.495.2j3.5.0....0...1c.1j2.64.psy-ab..0.0.0....0.8Ue4pFLVYz8#rlfi=hd:;si:15750570055946523406;mv:[[52.23674997731903,21.087783887255394],[52.236390022680965,21.087196112744607]]","Ostrobramska 124, 04-026 Warszawa",6321.75,"Czynne całą dobę",4.1,975,809.25,1115.25,789.75,809.25,885.75,937.5,0.154229445960375,0.128010440147111,0.176414758571598,0.124925851227904,0.128010440147111,0.140111519753233,0.148297544192668,10,418.5,375.75,383.25,216.75,171,23.25,6321.75,380,15.4,30.6,21.6840313965607,0,30,14.5427813344478,9.5,21.081889,3.9,28.4,14.4768595041322,4,26
"114",0,20.9986203,52.2165734,4.29,"Stacja Paliw ORLEN","https://www.google.com/search?tbm=lcl&ei=hbaVX_mqKY3xrgTL6KnIAw&q=Wawelska+3+D&oq=Wawelska+3+D&gs_l=psy-ab.3..0i13k1j0i13i5i30k1l2.13794.13794.0.14449.1.1.0.0.0.0.104.104.0j1.1.0....0...1c.2.64.psy-ab..0.1.103....0.WwOEp8Hn7jk#rlfi=hd:;si:6445861860874488660;mv:[[52.216745277319035,20.999498854874314],[52.21638532268097,20.998911345125673]]","Wawelska 3B, 02-034 Warszawa",5607.75,"Czynne całą dobę",4.1,919.5,500.25,945.75,676.5,747,1023.75,795,0.163969506486559,0.0892069011635683,0.168650528286746,0.120636618964825,0.133208506085328,0.182559850207302,0.141768088805671,10,401.25,351.75,375,153,112.5,12,5607.75,234,9.8,33.4,18.5662063574779,0.2,31,13.6806153733083,4,20.998628,1.7,27,12.5570247933884,6,42
"115",0,21.1190191,52.2373381,4.31,"Circle K","https://www.google.com/search?tbm=lcl&ei=TLaVX8iZNqynrgS6oK_oCg&q=Grochowska+21&oq=Grochowska+21&gs_l=psy-ab.3..0l10.8029.9407.0.9548.4.4.0.0.0.0.88.330.4.4.0....0...1c.1.64.psy-ab..0.4.329...0i67k1.0.Bj-qzCRUfzo#rlfi=hd:;si:12516089407207669042;mv:[[52.23713987731904,21.118874889837098],[52.236779922680974,21.118287110162903]]","Grochowska 19, 04-186 Warszawa",6251.25,"Czynne całą dobę",4.1,1011,609,1083,882,832.5,901.5,932.25,0.161727654469106,0.0974205158968206,0.173245350929814,0.141091781643671,0.133173365326935,0.144211157768446,0.149130173965207,10,406.5,420.75,396,207.75,133.5,4.5,6251.25,428,12.1,33.4,22.6406787389265,1.2,33,15.1303812353664,14.1,21.118989,3.2,29.4,16.7157024793388,6,15
"116",0,21.0451283,52.1765366,4.35,"Stacja Paliw ORLEN","https://www.google.com/search?tbm=lcl&ei=9rWVX4yBD4WvrgSYu6zADQ&q=%C5%9Awi%C4%99tego+Bonifacego+2&oq=%C5%9Awi%C4%99tego+Bonifacego+2&gs_l=psy-ab.3..38j0i22i30k1j38.23208.23208.0.23913.1.1.0.0.0.0.105.105.0j1.1.0....0...1c.2.64.psy-ab..0.1.104....0.CnS91S2djtM#rlfi=hd:;si:6613353034174098910;mv:[[52.17742887731903,21.046581395149506],[52.17706892268097,21.045994404850497]]","Śródziemnomorska 65, 02-758 Warszawa",5467.5,"Czynne całą dobę",4.2,867,465.75,1053.75,711.75,744,825.75,799.5,0.158573388203018,0.0851851851851852,0.192729766803841,0.130178326474623,0.136076817558299,0.151028806584362,0.146227709190672,10,367.5,359.25,363.75,161.25,122.25,6,5467.5,342,8.1,34,20.7270941896821,0.7,33.6,15.0102296231744,12.8,21.045453,2.4,32.3,15.3082644628099,4,30
"117",0,21.0158437,52.1658583,4.36,"Stacja Paliw ORLEN","https://www.google.com/search?tbm=lcl&ei=u7WVX66hLqaMwPAPudu58AY&q=aleja+Wy%C5%9Bcigowa+6&oq=aleja+Wy%C5%9Bcigowa+6&gs_l=psy-ab.3..0l3j38j0i22i30k1l2.11966.11966.0.12348.1.1.0.0.0.0.109.109.0j1.1.0....0...1c.2.64.psy-ab..0.1.108....0.q2ZvQDtDHt8#rlfi=hd:;si:13308914379002950133;mv:[[52.1666113,21.015940399999998],[52.166075899999996,21.0147926]]","aleja Wyścigowa 2, 02-681 Warszawa",5396.25,"Czynne całą dobę",4.1,919.5,627.75,953.25,739.5,676.5,756.75,723,0.170396108408617,0.116330785267547,0.176650451702571,0.137039610840862,0.125364836692147,0.140236275191105,0.133981931897151,10,342.75,409.5,366,132,96,7.5,5396.25,288,5.3,38.7,20.8728895257947,1.6,38.3,17.8707653055868,14,21.016003,3.4,37,17.7057851239669,3,22
"118",0,21.059886,52.1479632,4.39,"Stacja Paliw ORLEN","https://www.google.com/search?tbm=lcl&ei=7bSVX4LuM8zJrgST75bwBA&q=migda%C5%82owa+2&oq=migda%C5%82owa+2&gs_l=psy-ab.3..0l7j38l3.17822.17822.0.18326.1.1.0.0.0.0.105.105.0j1.1.0....0...1c.1.64.psy-ab..0.1.105....0.0IiAf_3MYc8#rlfi=hd:;si:13745266595769046627;mv:[[52.14817187731903,21.060191302264663],[52.14781192268097,21.059604697735335]]","Migdałowa 2, 02-796 Warszawa",5223,"Czynne całą dobę",4.1,915,343.5,934.5,824.25,510.75,889.5,805.5,0.175186674325101,0.0657668006892591,0.178920160827111,0.157811602527283,0.0977886272257323,0.170304422745549,0.154221711659966,10,415.5,381.75,273.75,105,111.75,19.5,5223,367,7.8,41.6,23.7500781657113,6.3,41.2,21.0339253278456,18.2,21.059865,5.2,39.9,20.8314049586777,0,12
"119",0,20.9849255,52.2340331,4.4,"Stacja Paliw ORLEN","https://www.google.com/search?tbm=lcl&ei=crSVX9bVNqOqrgS1zp-YBw&q=Grzybowska+78&oq=Grzybowska+78&gs_l=psy-ab.3..0l3.13053.13621.0.13841.2.2.0.0.0.0.155.290.0j2.2.0....0...1c.1j2.64.psy-ab..0.2.290...38j0i22i30k1.0.LrRw-8Zuk4M#rlfi=hd:;si:2990661195383270262;mv:[[52.234258399999995,20.9844109],[52.233814699999996,20.983637299999998]]","Grzybowska 74, 00-844 Warszawa",4941.75,"Czynne całą dobę",4.2,773.25,231.75,924,663,924,762.75,663,0.156472909394445,0.0468963423888299,0.186978297161937,0.134162998937623,0.186978297161937,0.154348156017605,0.134162998937623,10,396.75,315.75,273.75,151.5,72,27.75,4941.75,203,7,35.2,17.2941505992705,4,35.8,15.5469782556198,3.9,20.984957,2.7,27.7,13.2404958677686,6,33
"120",0,20.9672299,52.2444232,4.43,"Stacja Paliw ORLEN","https://www.google.com/search?tbm=lcl&ei=On-VX5OnJ86prgSU_aTwAQ&q=52.24442+20.96723&oq=52.24442+20.96723&gs_l=psy-ab.3...23222.30948.0.31556.5.5.0.0.0.0.92.378.5.5.0....0...1c.1j2.64.psy-ab..0.0.0....0.mYIaO1CYudU#rlfi=hd:;si:4203489725855970956;mv:[[52.24459997731903,20.96752393924515],[52.24424002268097,20.96693606075485]]","Obozowa 14, 01-161 Warszawa",5197.5,"Czynne całą dobę",4.2,800.25,434.25,1043.25,663.75,715.5,818.25,722.25,0.153968253968254,0.0835497835497836,0.200721500721501,0.127705627705628,0.137662337662338,0.157431457431457,0.138961038961039,10,363,351.75,351,144.75,93,3.75,5197.5,155,5.6,39.6,17.3622199062011,1.8,40.2,18.0001196938358,9.1,20.967104,3.1,32.1,15.495867768595,4,21
